dataset,source_dataset,size_class,role,source_query_index,g,mean_f,log_mean_f,minimum_group_size,maximum_group_size,size_stratum,panel_tranche,panel_query_index,selection_key
Musae-GPU4GST,GPU4GST_Musae,small,P2_cross_g,3,5,123.8,4.826712455935327,30,385,3,1,1,0100e18cf905115f57a8af7c2cc332c7fd5677e82c60662f0e235b29343ad8bf
Musae-GPU4GST,GPU4GST_Musae,small,P2_cross_g,39,5,179.0,5.19295685089021,123,297,5,1,2,05f9a1b6e88133baeeefb3257262d7d1db6e73bd338b767afbffcb62274d9d99
Musae-GPU4GST,GPU4GST_Musae,small,P2_cross_g,52,5,68.4,4.239886867512759,4,152,1,1,3,00564af75d99a1bd5b0a6810ff68dcf74a8c1d6d7741500310faf1f46432d401
Musae-GPU4GST,GPU4GST_Musae,small,P2_cross_g,180,5,136.4,4.922896379788249,15,233,4,1,4,010b9a5ae593e5546ecadc0cc75b4c3e478c89d42ac41bbfd6274e5e2d1e058f
Musae-GPU4GST,GPU4GST_Musae,small,P2_cross_g,203,5,82.0,4.418840607796598,38,124,2,1,5,0000eeee6ec89ad79f19d31db717231082ae73511fc8e640ce14db205c20984b
Musae-GPU4GST,GPU4GST_Musae,small,P2_cross_g,43,5,66.6,4.213607983048918,5,178,1,2,6,0916995b147b00c576f41d28c6b4ea166cccf977a5a0c9d2523d938649280767
Musae-GPU4GST,GPU4GST_Musae,small,P2_cross_g,130,5,101.8,4.632785353021065,17,146,3,2,7,01d4a9116a4fbea8ca1603ddcbe8b00f910f34db0d75dff7aa69fcae4a93a49d
Musae-GPU4GST,GPU4GST_Musae,small,P2_cross_g,159,5,71.0,4.276666119016055,16,125,2,2,8,07c362da0ae63c13722a95e5f3d18dab466a09c3264711e52b2bffa656fea4f8
Musae-GPU4GST,GPU4GST_Musae,small,P2_cross_g,177,5,141.8,4.9614450499054845,30,235,4,2,9,054995ed09ab334692cbe1bf8bf9a5e5da9a142925b189d6dbe5e884ef96a22a
Musae-GPU4GST,GPU4GST_Musae,small,P2_cross_g,233,5,337.6,5.824819469699035,24,1151,5,2,10,0be0ae6f1b078376389752d1ec311c80e86dceb931489a416868e63ad619fb30
Musae-GPU4GST,GPU4GST_Musae,small,P2_cross_g,50,6,111.66666666666667,4.724433606814909,5,292,3,1,1,051edf82d789b6c8b1650478e86f25b1f1848bd285dd5dcbb38a1439edba9908
Musae-GPU4GST,GPU4GST_Musae,small,P2_cross_g,70,6,124.83333333333333,4.834958280020969,52,319,4,1,2,0cae8cde0c0bba12e2b32e8204b79ef87f8f5b4924ecc14bf19879e5bb17a63a
Musae-GPU4GST,GPU4GST_Musae,small,P2_cross_g,125,6,37.0,3.6375861597263857,4,87,1,1,3,029bab85c5ba89f995116e907bcb7ce75e47f273fb2656dcb62ce981e1197576
Musae-GPU4GST,GPU4GST_Musae,small,P2_cross_g,271,6,233.33333333333334,5.456744603142555,125,702,5,1,4,004836d88e8f8eff484ac8087ec9a6d31678023e4a5e803aaf64cf7fb906fb23
Musae-GPU4GST,GPU4GST_Musae,small,P2_cross_g,291,6,86.16666666666667,4.467821994836868,5,160,2,1,5,037595838015e44b087378e7c347c6728417f401087948f45381aabe12bb18b2
Musae-GPU4GST,GPU4GST_Musae,small,P2_cross_g,85,6,153.83333333333334,5.042349269585784,124,196,4,2,6,0d1b271b91154a657522a85417bcd5419a01e898c94a52aca01231c269bbda2a
Musae-GPU4GST,GPU4GST_Musae,small,P2_cross_g,167,6,118.83333333333333,4.786101888492992,16,308,3,2,7,08c11a1ba5bada122159737c7aa094e4df2e4717bc2d514bf593552a34dce7b5
Musae-GPU4GST,GPU4GST_Musae,small,P2_cross_g,201,6,56.5,4.051784947803305,15,114,1,2,8,0535dde84eac9c49b7d0b974ea6236fe88ef28c2a4178f63d9b3d2ea7a0f74d6
Musae-GPU4GST,GPU4GST_Musae,small,P2_cross_g,213,6,82.66666666666667,4.426840650463674,6,224,2,2,9,07030c5344c2ff22ec1391059f19b6f8bd09faf9912f8bf4f979ab9637b87a14
Musae-GPU4GST,GPU4GST_Musae,small,P2_cross_g,288,6,189.33333333333334,5.2487769209879005,134,332,5,2,10,02f8133616cd6875cef62ced696f38e0f5df5cdd895e532d0bb8692ea5041e8c
Musae-GPU4GST,GPU4GST_Musae,small,P2_cross_g,6,7,147.14285714285714,4.998177059174214,111,206,4,1,1,0353514b35628c9d9be39964f2765d0a7b24011c1c7afd175400f431090565f7
Musae-GPU4GST,GPU4GST_Musae,small,P2_cross_g,53,7,86.42857142857143,4.470822133457013,9,208,2,1,2,05a036b6ccd64f5fc7749c85ae664cdc395cdbc60dcb5760fea7f5e6d4fbe71c
Musae-GPU4GST,GPU4GST_Musae,small,P2_cross_g,82,7,125.0,4.836281906951478,16,166,3,1,3,00c7ae4b757c70511e145b79a121d59f0e0d88c2916618c5cdf78fd26885dd70
Musae-GPU4GST,GPU4GST_Musae,small,P2_cross_g,199,7,39.857142857142854,3.7100816617645394,13,86,1,1,4,00b609336de3cd39c9c10ae01194c3ef94f41e464cd6da83b9825b957023f073
Musae-GPU4GST,GPU4GST_Musae,small,P2_cross_g,259,7,721.8571428571429,6.583211613226198,1,3057,5,1,5,086d50293f0dc82b5723abd5fcf6662661b46a281802c9c64f27eff959e98d2f
Musae-GPU4GST,GPU4GST_Musae,small,P2_cross_g,62,7,203.57142857142858,5.320917198465278,54,357,5,2,6,088a155a5fcb8c3952a100c8c0bd713b601eadf4fc15a20cbfed7e1e0f71a32c
Musae-GPU4GST,GPU4GST_Musae,small,P2_cross_g,160,7,77.42857142857143,4.362188292454217,20,257,2,2,7,05ac90baf9ff3907482065b3d507842f27a98909804d44bfae33fc3429200e7e
Musae-GPU4GST,GPU4GST_Musae,small,P2_cross_g,205,7,124.42857142857143,4.8317364445798034,20,447,3,2,8,08d97c4fcadd18f87449615c32306d90d7e795dc691d7989a12ef8b7eb9ed052
Musae-GPU4GST,GPU4GST_Musae,small,P2_cross_g,274,7,55.714285714285715,4.038026131631877,6,185,1,2,9,02b22d8970c24e8b787ab42f6d2fd7568246f3e4cdb02162dd1ae9d629e31ed1
Musae-GPU4GST,GPU4GST_Musae,small,P2_cross_g,294,7,132.42857142857142,4.893566289173529,27,370,4,2,10,04be7d598b8be0e8a96eafd3075a50b0251327cda86f89b0132b377348c3f419
Musae-GPU4GST,GPU4GST_Musae,small,P2_cross_g,5,8,120.125,4.79682307021093,27,233,3,1,1,011760661053e244c0dc8d3368aee7df47fff4c5002862e3cf946641478748a5
Musae-GPU4GST,GPU4GST_Musae,small,P2_cross_g,14,8,188.0,5.241747015059643,22,489,5,1,2,00205a0eaa4babfdd7d82c8f238690407fd6720bdb20c3483310e12638903394
Musae-GPU4GST,GPU4GST_Musae,small,P2_cross_g,40,8,147.5,5.000584958242754,37,526,4,1,3,0027c149d61a20cdc19cd4ad040561aa4d40f70621033df25a7c9871846a1f62
Musae-GPU4GST,GPU4GST_Musae,small,P2_cross_g,78,8,56.625,4.053956501316812,13,155,1,1,4,02c4cf8f15b5e0d16b31889b5658d0a2f38560ad1d2b3235673a0b3fd75d32da
Musae-GPU4GST,GPU4GST_Musae,small,P2_cross_g,218,8,87.75,4.485823428355525,11,236,2,1,5,012c2acf9c61f6f0e20f23f4e5dbcc7590b6f1696b7c57e4298e51624fa08ca0
Musae-GPU4GST,GPU4GST_Musae,small,P2_cross_g,60,8,138.75,4.939855112035208,121,156,4,2,6,00fef0539a611b155e223edb48cf117248e267f30e2d3c3842f3cf1630a904d1
Musae-GPU4GST,GPU4GST_Musae,small,P2_cross_g,116,8,156.0,5.056245805348308,10,382,5,2,7,09943cee91d9fbd6fae0cda749a1859f8d2c04575f883f5882ee18bffade6de8
Musae-GPU4GST,GPU4GST_Musae,small,P2_cross_g,120,8,102.5,4.639571612705423,16,167,3,2,8,0176decbd5777ca60418617a902fffaee57cb6a7e032da3b1d09e1a17ae46a63
Musae-GPU4GST,GPU4GST_Musae,small,P2_cross_g,176,8,73.5,4.310799125385514,54,125,1,2,9,03a87c6a833579df7a0e15534178e66e66667ab7c9849885ba50aba962a07b3f
Musae-GPU4GST,GPU4GST_Musae,small,P2_cross_g,184,8,81.25,4.409763389645481,9,167,2,2,10,01f385699a4e2f3104842360241dc9c37f189c3338ce3d3e8bdb011008f805fe
Musae-GPU4GST,GPU4GST_Musae,small,P2_cross_g,8,9,130.77777777777777,4.881117002221451,15,379,3,1,1,02f1c5540fe0fd7939dcec097f0265b0a44990d438c69e440f27fe050bbbb199
Musae-GPU4GST,GPU4GST_Musae,small,P2_cross_g,98,9,87.55555555555556,4.483630101453995,19,248,2,1,2,0377928838a48d6f909778c9b4921ffa87daf262a898ff851cb180c3bf831b12
Musae-GPU4GST,GPU4GST_Musae,small,P2_cross_g,108,9,72.77777777777777,4.3010575721402144,58,122,1,1,3,035c253b56afa3da5ee083d1c6cb9576794ae34ac8e5cafff57872bc6a1340b3
Musae-GPU4GST,GPU4GST_Musae,small,P2_cross_g,236,9,185.55555555555554,5.2287290797413215,40,472,5,1,4,00385873d7e29dfc0746c9bb55d0a5235a58acf5f9ec10d65a12ca9a04c4f46c
Musae-GPU4GST,GPU4GST_Musae,small,P2_cross_g,265,9,134.55555555555554,4.909381560391083,57,601,4,1,5,05ccc632466b19342c0104033da75b568ba3b18b8fedfe542e694a4271ea2a60
Musae-GPU4GST,GPU4GST_Musae,small,P2_cross_g,77,9,91.44444444444444,4.52660786348499,36,173,2,2,6,0b29192961fa0716ede9b919b22de85ab64e460c365710e1c42c3f3d1569b106
Musae-GPU4GST,GPU4GST_Musae,small,P2_cross_g,93,9,340.55555555555554,5.8335103467623215,16,2021,5,2,7,0f38ef9bc3f8490c362bb58aea4c802a339bb7b4c4bd8fce59ec9812fc4bc0f5
Musae-GPU4GST,GPU4GST_Musae,small,P2_cross_g,131,9,116.55555555555556,4.766911035082026,2,255,3,2,8,0cc9ddbcb32aa07b2ed3474c906769dd26ccc0f167937aa1bd41deb94d94c845
Musae-GPU4GST,GPU4GST_Musae,small,P2_cross_g,218,9,153.66666666666666,5.041272263558145,19,312,4,2,9,092c60e9e1710669724d980bdad209bd48b06ea5d5e8b81deda32e5952ea1dcf
Musae-GPU4GST,GPU4GST_Musae,small,P2_cross_g,233,9,63.111111111111114,4.16061768917188,14,272,1,2,10,0f4f9ba81399b6f93db930c18bae9b5b84d2755777050bff7c3e2571b6c83f33
Musae-GPU4GST,GPU4GST_Musae,small,P2_cross_g,52,10,93.5,4.548599834499697,9,220,2,1,1,015f9f870cbbc1b78061dfd9533594d887a051873306cb2c5fb919dfe24c723a
Musae-GPU4GST,GPU4GST_Musae,small,P2_cross_g,85,10,161.6,5.0912931971137105,118,227,5,1,2,00203e78f5acf1ec074432ec2538c59b16ea7114dacd25a309216b322b45f670
Musae-GPU4GST,GPU4GST_Musae,small,P2_cross_g,101,10,141.9,4.9621450849358215,26,288,4,1,3,02e82105b527898058594222ad03a5fc19f7d7f5ff440569899785336c3fcf27
Musae-GPU4GST,GPU4GST_Musae,small,P2_cross_g,222,10,110.3,4.712229258281499,9,274,3,1,4,0138e678c47683a4dd35457266e1bea9b29714c3ed2225a7deb860849bf0903e
Musae-GPU4GST,GPU4GST_Musae,small,P2_cross_g,227,10,74.2,4.320151230955794,25,200,1,1,5,160a2e8148ac4257fe916f9d42432b27c53cbe0ba99bc8962f8214a4c00fc556
Musae-GPU4GST,GPU4GST_Musae,small,P2_cross_g,14,10,128.9,4.866764923676554,13,216,3,2,6,03b592fe68b79a7f1c804dc0902d215e115a77dba0dcd9edbe0eb758837dd427
Musae-GPU4GST,GPU4GST_Musae,small,P2_cross_g,111,10,145.8,4.9890711161804155,123,171,4,2,7,08ca4ddb659b9551f592792f8b9089ff3cdd1283dd43eea3e1c0aab05f4a283d
Musae-GPU4GST,GPU4GST_Musae,small,P2_cross_g,164,10,175.3,5.172187089403825,18,807,5,2,8,04a0b2dc0488ed97d14ed51d11b015d7c3e30a8ffa866d3edd01bf400f98af11
Musae-GPU4GST,GPU4GST_Musae,small,P2_cross_g,240,10,102.2,4.636668853047462,36,198,2,2,9,11a19ca3714782a8e52ed22fd69d11f343cf0d44967c780c8a342ddf272d86a7
Musae-GPU4GST,GPU4GST_Musae,small,P2_cross_g,292,10,78.9,4.380775852772229,15,213,1,2,10,16eb8a15a97e7c1583c4984890f1079ed1cba32c2ce9e13538346c2d95f5da76
Musae-GPU4GST,GPU4GST_Musae,small,P2_cross_g,21,11,84.45454545454545,4.447984602465679,10,161,2,1,1,00873438d4970770d2f904957cfaa6f978fed635c481ea106e9131924e4c2755
Musae-GPU4GST,GPU4GST_Musae,small,P2_cross_g,99,11,357.1818181818182,5.881040729493609,13,3057,5,1,2,0ae4b8c215e4e100f34382df897fe0e48ed1b8dac6b151b6903111b8d8bd1370
Musae-GPU4GST,GPU4GST_Musae,small,P2_cross_g,187,11,162.8181818181818,5.098757165369912,118,293,4,1,3,008da5bd353ebb3871c82ff9026268aeb5c80935830b89f7427948e0c7ed4475
Musae-GPU4GST,GPU4GST_Musae,small,P2_cross_g,234,11,81.54545454545455,4.413349105802923,11,187,1,1,4,016080b8cec3c3319a32c3d7108175bbb0844fa73f2fe2df163f72692f151a15
Musae-GPU4GST,GPU4GST_Musae,small,P2_cross_g,259,11,122.36363636363636,4.815136387036499,13,254,3,1,5,02b003f2779f11c4b02b58773837bc856433824af17421e16e77e2be1855f9e3
Musae-GPU4GST,GPU4GST_Musae,small,P2_cross_g,56,11,105.9090909090909,4.6719788556602015,16,465,2,2,6,0280f817620dfe3b001c7870b689dc7af73edf97d98a8dc9498ded0d4f4309ee
Musae-GPU4GST,GPU4GST_Musae,small,P2_cross_g,103,11,67.63636363636364,4.228822476450654,9,160,1,2,7,05260ac79b2beb500260b93b3dc216635484dcbb64ce8b0ee7b37632c71b2cdd
Musae-GPU4GST,GPU4GST_Musae,small,P2_cross_g,186,11,190.45454545454547,5.25465041989555,7,1368,5,2,8,0b5f139ff4bd05cf7c75dfeb88e76602f13b269417851c8e4c5037afc7a4b724
Musae-GPU4GST,GPU4GST_Musae,small,P2_cross_g,228,11,135.8181818181818,4.918652904384605,17,287,4,2,9,00fd285e0709d021c3d63c4f3022e1e941352a53b81d799741dc7e05ab401c07
Musae-GPU4GST,GPU4GST_Musae,small,P2_cross_g,278,11,107.72727272727273,4.688842661712207,14,339,3,2,10,0eb2e8e315b5e51633fef13c0df602bec95abc267211ebb15e09b899c9ea6771
Musae-GPU4GST,GPU4GST_Musae,small,P2_cross_g,101,12,127.08333333333333,4.852681093750595,55,598,3,1,1,00dcf2f8c9f75f020866551f150f971a6f551366f931492148f9bb4613fa5c67
Musae-GPU4GST,GPU4GST_Musae,small,P2_cross_g,210,12,161.08333333333334,5.0881106062645465,20,854,4,1,2,00d3f9ba130cdc67b865d294b1bc566206f5fd43d3021532259f4af7888aac29
Musae-GPU4GST,GPU4GST_Musae,small,P2_cross_g,212,12,100.66666666666667,4.621699487939302,21,170,2,1,3,0135773f239e72fd4fa9f58919dd3be92e708f9365d54f654b48d548894d0679
Musae-GPU4GST,GPU4GST_Musae,small,P2_cross_g,215,12,67.66666666666667,4.229263880121471,11,141,1,1,4,089738fccf6c600d99a19c6fe539a2f8442941114290361c457d9617bdc2ff49
Musae-GPU4GST,GPU4GST_Musae,small,P2_cross_g,228,12,173.75,5.163356381113919,15,481,5,1,5,050834351365a50a3f6229884526a24aa34b93cf97731dcfe19e30e0a585985b
Musae-GPU4GST,GPU4GST_Musae,small,P2_cross_g,3,12,154.5,5.0466457316192885,104,232,4,2,6,094029195773275b59406a7965262c7fa491eb4dabf5590d295aff8186d85597
Musae-GPU4GST,GPU4GST_Musae,small,P2_cross_g,90,12,73.91666666666667,4.31637638468362,14,191,1,2,7,0ee4d6bc5b3f3393be2cda926cac58464205c3eec56257975fa1cfea6e82f9b8
Musae-GPU4GST,GPU4GST_Musae,small,P2_cross_g,145,12,109.0,4.700480365792417,8,250,3,2,8,047b2beaa2001c479c1be7a4d8bb2366450c64e5c1fd345bca7b0064c8649518
Musae-GPU4GST,GPU4GST_Musae,small,P2_cross_g,242,12,201.91666666666666,5.312795385728689,48,683,5,2,9,0e684ca143852e48e1dd37ea50c6bb620c237e667ae945c871494a110dbb4c93
Musae-GPU4GST,GPU4GST_Musae,small,P2_cross_g,263,12,95.41666666666667,4.568679077405676,15,189,2,2,10,0237f5451bef296d5ff67771592f5986ecb1921535048ea2d91a9a0e2640a846
Musae-GPU4GST,GPU4GST_Musae,small,P2_cross_g,1,13,106.23076923076923,4.674983233858932,27,219,2,1,1,0485a5628954985d3b58167a21af3cdad106f0b5df7702d2d6774b3fa95ce886
Musae-GPU4GST,GPU4GST_Musae,small,P2_cross_g,18,13,67.23076923076923,4.222895624848043,9,215,1,1,2,01f68b2d2676bd7a31ab80b5576b2d0d9cf7b5487b66515824c6514c288ae68f
Musae-GPU4GST,GPU4GST_Musae,small,P2_cross_g,128,13,130.84615384615384,4.881635741696188,16,533,3,1,3,07c9954c734b1dfcbde9b4f9e4a8117b7744025c5d3e77b4ef35c0c06a137d00
Musae-GPU4GST,GPU4GST_Musae,small,P2_cross_g,228,13,177.07692307692307,5.182215609058797,28,406,5,1,4,03a639a85294e679afb76cd60c520e2dbe7ec79660dc66ed212beb1ecfc146c3
Musae-GPU4GST,GPU4GST_Musae,small,P2_cross_g,253,13,165.3846153846154,5.114302068491522,118,435,4,1,5,014ec828b1e6e386b62fb032d7850c0cb2c27c190491487b723bfce7ad00cb75
Musae-GPU4GST,GPU4GST_Musae,small,P2_cross_g,70,13,101.76923076923077,4.6324859966350544,52,409,2,2,6,0b5032749ca09ab8aa5e3ff9ba312b3c74dc56d9a1b7eb183c61aec2af68b64a
Musae-GPU4GST,GPU4GST_Musae,small,P2_cross_g,135,13,173.46153846153845,5.161704307386106,63,685,4,2,7,063438d1850a74277a959650c4d062d0b83a12227cfd42784c878c2c4ce5fb9e
Musae-GPU4GST,GPU4GST_Musae,small,P2_cross_g,138,13,259.53846153846155,5.5627504953562354,116,1395,5,2,8,0b61f817c8f4722c484c463a0c14323369d1c632fc16bf579fa8cbccf58fb1a7
Musae-GPU4GST,GPU4GST_Musae,small,P2_cross_g,191,13,75.46153846153847,4.336787849195037,11,239,1,2,9,032a6d2d8b54e824858ced5642244f03faabba81df306c9696a2e4251f20d7d4
Musae-GPU4GST,GPU4GST_Musae,small,P2_cross_g,225,13,113.23076923076923,4.738220693775263,40,370,3,2,10,149cca886b58ee2d000d87021b3bfd7056faec7b8dc8b1d79dfdf2d84ee1dcab
Musae-GPU4GST,GPU4GST_Musae,small,P2_cross_g,22,14,165.35714285714286,5.114136940269082,27,386,4,1,1,00709937dd843bcd30269d8609d54e27a65bc75a237bf02c290669b10f82dd6c
Musae-GPU4GST,GPU4GST_Musae,small,P2_cross_g,100,14,104.0,4.653960350157523,18,319,2,1,2,00aa8540160b77fcaaf7a8cc6e79a4776adc2c6021b925934667278fdef852c7
Musae-GPU4GST,GPU4GST_Musae,small,P2_cross_g,142,14,68.57142857142857,4.242353974027276,6,133,1,1,3,0374eeb100003ded76d369c830c3cfc0382e45f13eeb1f3c76df1477eae7dfa9
Musae-GPU4GST,GPU4GST_Musae,small,P2_cross_g,234,14,169.28571428571428,5.137477698569982,115,402,5,1,4,00afb8b88533b3eb235c70b1db9025c633df03785418f2529dccf207ca819d6e
Musae-GPU4GST,GPU4GST_Musae,small,P2_cross_g,242,14,110.14285714285714,4.710816375123079,7,282,3,1,5,0057715badc8674220276799323c36ed89984f443ce6c330769669daa492ff2a
Musae-GPU4GST,GPU4GST_Musae,small,P2_cross_g,1,14,145.35714285714286,4.986049818623641,123,174,4,2,6,013016b8b51ce00aadada7158c9253d770b52fe6a272ebdb1b1982bb88739e50
Musae-GPU4GST,GPU4GST_Musae,small,P2_cross_g,72,14,63.57142857142857,4.167772030776918,7,170,1,2,7,07b64efb13a78ef05ae25d5920a1cef2432ff315a1d358e8f9abd951c664d3ee
Musae-GPU4GST,GPU4GST_Musae,small,P2_cross_g,277,14,109.71428571428571,4.706952880298034,12,172,3,2,8,19a6f8fdbb5b18c050d791c4c2cdecefd54cc4c470cc6ac812243f6643eba465
Musae-GPU4GST,GPU4GST_Musae,small,P2_cross_g,288,14,173.28571428571428,5.160695988671989,6,1151,5,2,9,00df2fbde518408c8f10469dfeb3ab8385cf3d41594784925bce46ab9a507530
Musae-GPU4GST,GPU4GST_Musae,small,P2_cross_g,293,14,82.07142857142857,4.419700822903406,5,293,2,2,10,0311ed20be0c900ef04276c4b91869dd6f69cfb18878b4af223d7f6fa812c53e
Musae-GPU4GST,GPU4GST_Musae,small,P2_cross_g,11,15,98.86666666666666,4.603835962974955,23,267,2,1,1,072d7bb7b50d04cf8bfbb400dc409ee6cdff28c71d0463351a07ca6498c8fad7
Musae-GPU4GST,GPU4GST_Musae,small,P2_cross_g,40,15,116.86666666666666,4.769554042095379,18,454,3,1,2,0158b0be51aedf4b1ad0002a26c27b7c257448b96deed75ce836c2b087b55fd8
Musae-GPU4GST,GPU4GST_Musae,small,P2_cross_g,160,15,84.93333333333334,4.453571801836977,51,273,1,1,3,08adaccfafaed2e451fb7e65f150da6068fd87d0a15df96b4397e1d025a40276
Musae-GPU4GST,GPU4GST_Musae,small,P2_cross_g,272,15,138.73333333333332,4.939735844338722,8,919,4,1,4,007bafa1c0a454886d76b9aeb0cf9fe8922bebe949f4a3a17ab9df85173695c5
Musae-GPU4GST,GPU4GST_Musae,small,P2_cross_g,285,15,191.46666666666667,5.259922978560725,56,812,5,1,5,016102a43e10384a7419517244216b330c05c07d79514c9ab6fc2e20f69aa267
Musae-GPU4GST,GPU4GST_Musae,small,P2_cross_g,21,15,158.93333333333334,5.074757061737484,24,424,4,2,6,02927355dd857eb0efd2414470ff1b3351bcd98dedb13f7a487e10d09b2c336a
Musae-GPU4GST,GPU4GST_Musae,small,P2_cross_g,59,15,82.46666666666667,4.424447350557834,12,302,1,2,7,0a5a6e022edcb8fc2cd49787c27a394d6a965f27147003cfc1d4cc07c75fd465
Musae-GPU4GST,GPU4GST_Musae,small,P2_cross_g,218,15,94.6,4.560172820057356,27,248,2,2,8,0cd5c32c69f5429e43518b56f285673838c4df4dcf978b5cb92ff2da4b4d5f26
Musae-GPU4GST,GPU4GST_Musae,small,P2_cross_g,286,15,189.46666666666667,5.249477201128563,6,683,5,2,9,01a58689e08dc8baaa159248e048e78d7f6db8264860aa234127cd81334c9599
Musae-GPU4GST,GPU4GST_Musae,small,P2_cross_g,300,15,130.06666666666666,4.875706099604902,16,386,3,2,10,025a581cf449c1d6e74c9582b87d9198ca5afb12c34b32e832696e4808376d42
Musae-GPU4GST,GPU4GST_Musae,small,P2_cross_g,4,16,62.0625,4.144126298113828,9,219,1,1,1,006974e9e68990c987c2720451321b7aa697a9169fa836c27fcdb56878c67c2e
Musae-GPU4GST,GPU4GST_Musae,small,P2_cross_g,60,16,129.8125,4.873765000206219,19,331,3,1,2,0e2771dff645d528eb686e15539fdc4954a15d6bbd5372c0346d120259371d67
Musae-GPU4GST,GPU4GST_Musae,small,P2_cross_g,90,16,188.6875,5.245377981253817,133,517,5,1,3,0263dce6a32166937a251bf8d024db8279967bea3e00eeaeb493e6db8291f11c
Musae-GPU4GST,GPU4GST_Musae,small,P2_cross_g,211,16,151.125,5.0247025513076915,121,263,4,1,4,018871237dd991ab58c644e3eb5583caff6bf71b4e3e92b9ff0eb5efee433462
Musae-GPU4GST,GPU4GST_Musae,small,P2_cross_g,216,16,103.3125,4.647391201422054,12,257,2,1,5,07a8d44202efc07eb507ade3505f8202ce6ec4c8b3655ad37ec9cf5f108b70cc
Musae-GPU4GST,GPU4GST_Musae,small,P2_cross_g,18,16,119.125,4.788532867290456,13,402,3,2,6,12db921e4214c94bfbe93e5ff03deb435162c8889d9684726a8239b710d3d5e3
Musae-GPU4GST,GPU4GST_Musae,small,P2_cross_g,37,16,101.9375,4.634122007937859,26,233,2,2,7,0befa257e6eb7c28047403c7d8434c42637c0f756b45ee9dd36ea2f7b58d01ad
Musae-GPU4GST,GPU4GST_Musae,small,P2_cross_g,56,16,147.25,4.998900037877835,84,286,4,2,8,031d20d03de348cb702ceb13af0c847535842f8404cf3499c07ee643069ba5bb
Musae-GPU4GST,GPU4GST_Musae,small,P2_cross_g,255,16,73.875,4.315820056435613,5,213,1,2,9,103388fc9f2d9ee08da1aded818ab918262da4b446ece3a27edf41011d9c01c2
Musae-GPU4GST,GPU4GST_Musae,small,P2_cross_g,263,16,181.0,5.204006687076795,127,517,5,2,10,02b26d4e2fc470d40c9d724294d7b83be5593931ce3ca1ffa6257642390a5c25
Twitch-GPU4GST,GPU4GST_Twitch,small,P2_cross_g,82,5,2330.8,7.754395780499191,6,3602,4,1,1,038c0ca055eaa37bf2a18d2e74ab81ec66c85329d328b20c54e007c81c4ed5df
Twitch-GPU4GST,GPU4GST_Twitch,small,P2_cross_g,118,5,4440.4,8.39872492104016,4,11193,5,1,2,03c7d40240dc7e07baa5d871419deb695faa390a59c16668c2f7484952fbad9a
Twitch-GPU4GST,GPU4GST_Twitch,small,P2_cross_g,163,5,1490.6,7.3076046483046655,5,3186,3,1,3,04703ccccc8620a8244a06acc99202b970f8363417111b3b520b13d9e14bf808
Twitch-GPU4GST,GPU4GST_Twitch,small,P2_cross_g,187,5,367.6,5.909712045235723,5,1522,1,1,4,04cbc15d5f2d5e64f14ab06103324f811fe27e1d1acb6c44fff4affff5218357
Twitch-GPU4GST,GPU4GST_Twitch,small,P2_cross_g,283,5,970.6,6.878944197128018,52,2467,2,1,5,020a4418f0dd39dfd4f9ac5a6212fa4f7876e2d98e276b5ad090aea05db66c46
Twitch-GPU4GST,GPU4GST_Twitch,small,P2_cross_g,77,5,4363.2,8.381190175417029,59,10444,5,2,6,083a9f230ccb18a8a30a26e0c2393cc940b9d92b0bcf1193da2d1fcd57b042c4
Twitch-GPU4GST,GPU4GST_Twitch,small,P2_cross_g,132,5,2831.4,7.948879687777619,6,6625,4,2,7,09e577d5427a9470620065d6d708dfa89b892043b11d39346f48f736eb58af0b
Twitch-GPU4GST,GPU4GST_Twitch,small,P2_cross_g,134,5,1874.4,7.536577248985525,8,5193,3,2,8,0d08b0774adfcd370f3a90c87d1dd203ea9b0455a075c7de9eee9d67548c8a93
Twitch-GPU4GST,GPU4GST_Twitch,small,P2_cross_g,136,5,1035.4,6.943508448687955,15,2199,2,2,9,0620f597c742486803affdf6ba22a9679723e3165eeccb90319147b1c23a5216
Twitch-GPU4GST,GPU4GST_Twitch,small,P2_cross_g,221,5,352.4,5.867600559885596,18,966,1,2,10,06949c932bec5b9126ef317c8a594be113c957130af09c945e37d2b83434e721
Twitch-GPU4GST,GPU4GST_Twitch,small,P2_cross_g,146,6,1004.8333333333334,6.913571664303577,23,5100,3,1,1,04d108286def1770faa5270b50ec36fe1716d379763c2501db379975adb07293
Twitch-GPU4GST,GPU4GST_Twitch,small,P2_cross_g,155,6,540.1666666666666,6.293727302874791,14,1679,2,1,2,000fb2aec4c8510e3120c4722d9c20a869c54fa8a4750398d424e61b5dc62306
Twitch-GPU4GST,GPU4GST_Twitch,small,P2_cross_g,224,6,492.3333333333333,6.201185078090051,6,1178,1,1,3,00991164f38b3c9ab60c988ac2d0419bc8fa7875d7cc91ae0a2626cbd8a5b95d
Twitch-GPU4GST,GPU4GST_Twitch,small,P2_cross_g,242,6,2559.3333333333335,7.8478927373305725,11,5964,4,1,4,01a36f9c567b2e49c49ada44e9aa10d0cfa91b6b45a434dd1929ac74e078f84d
Twitch-GPU4GST,GPU4GST_Twitch,small,P2_cross_g,273,6,2840.3333333333335,7.952028704550398,23,10290,5,1,5,008c937a0465ae2bb1a779c6f772441f77d8a809d1bee0434e3b5c1569b8d5c5
Twitch-GPU4GST,GPU4GST_Twitch,small,P2_cross_g,29,6,2102.1666666666665,7.651199424424855,20,6625,4,2,6,064163dd3342f15c5803a46e9bf620b1ad27ccf775c88ed1628d87a8412f0d38
Twitch-GPU4GST,GPU4GST_Twitch,small,P2_cross_g,100,6,5377.333333333333,8.590133815817952,5,23114,5,2,7,0ad9a6c59d5e49589c01e3c3ef04c9e39f857113ac56dc0a8bb56594e57eef1f
Twitch-GPU4GST,GPU4GST_Twitch,small,P2_cross_g,115,6,1664.5,7.417880657633734,5,6625,3,2,8,08c1f45314c10967d48e8ca47afb55f816a13a5b1ceb7fa672772bed6499f40a
Twitch-GPU4GST,GPU4GST_Twitch,small,P2_cross_g,182,6,957.8333333333334,6.8657172676352385,12,4062,2,2,9,081b2a35a9b74f6cb94c3c911553bd22a2483cdcafe3639ca0ce0c7b3d4a219a
Twitch-GPU4GST,GPU4GST_Twitch,small,P2_cross_g,265,6,399.0,5.991464547107982,6,1213,1,2,10,06b55072de2239e7ea607304595d5516471c05dade2b51a349d49b378c3e52ec
Twitch-GPU4GST,GPU4GST_Twitch,small,P2_cross_g,25,7,1698.857142857143,7.43829949289984,5,5682,3,1,1,019d98afc2d4eec170a5d2607953faee01a31f30df06aef9fcaeb45fe72e18d0
Twitch-GPU4GST,GPU4GST_Twitch,small,P2_cross_g,29,7,2303.5714285714284,7.742650006937946,8,6625,4,1,2,017814fc89e6fcd63db084739dff70e154d2052ba07311a51d3b69fb7180893a
Twitch-GPU4GST,GPU4GST_Twitch,small,P2_cross_g,33,7,1065.7142857142858,6.972338441980389,23,6495,2,1,3,012569f7b79698380663275c135cc81e16a8c1b381cffc9b7c80f50a9861ff30
Twitch-GPU4GST,GPU4GST_Twitch,small,P2_cross_g,97,7,3326.285714285714,8.109912149784094,30,16368,5,1,4,013c3fe1d284770d0d229aaf0a1911833a9a16a7bce1e8f2b02927299191e969
Twitch-GPU4GST,GPU4GST_Twitch,small,P2_cross_g,256,7,122.85714285714286,4.819128827725229,17,466,1,1,5,07b782d34281996b9a6c624b26ed5caa1d4211aacf54b5a547aef2e9160063e7
Twitch-GPU4GST,GPU4GST_Twitch,small,P2_cross_g,18,7,730.0,6.594413459749778,12,4062,1,2,6,13df1befe2ba895e83d5deebae7dfb53497f44809bb8933232958ad546568d6b
Twitch-GPU4GST,GPU4GST_Twitch,small,P2_cross_g,115,7,3172.4285714285716,8.062567850671751,17,13748,5,2,7,04a7175472f7d72fb20998b58ce34707cd241c2ef350f2d04544ed93947faa50
Twitch-GPU4GST,GPU4GST_Twitch,small,P2_cross_g,221,7,1093.7142857142858,6.998248681915091,15,3586,2,2,8,09b11886a380059fa185f19f713f201951ec294e9d47240b022b14c867d51020
Twitch-GPU4GST,GPU4GST_Twitch,small,P2_cross_g,265,7,1900.857142857143,7.550586131376604,8,6288,3,2,9,04d0e27822f3e81300cf7eb4107def078a309d976c4beecc85cdcff98462aa3e
Twitch-GPU4GST,GPU4GST_Twitch,small,P2_cross_g,283,7,2464.714285714286,7.810236815582106,7,11193,4,2,10,018f22ae2c626467a29e05ddb5581b7f1071eebcbfab13b2e723051d3ede4ace
Twitch-GPU4GST,GPU4GST_Twitch,small,P2_cross_g,20,8,506.625,6.229742986006462,6,1572,1,1,1,0531ae0cf5e7eb2911a9b641cd4dbe0b19533c75ce50c9d5686de84ee57732a9
Twitch-GPU4GST,GPU4GST_Twitch,small,P2_cross_g,33,8,4176.875,8.33755802304759,4,13208,5,1,2,002fb727600ae99bdbc105b64111c5708ac49b59885de1ba084d951bcf79142b
Twitch-GPU4GST,GPU4GST_Twitch,small,P2_cross_g,195,8,2236.25,7.713002712062967,11,6566,3,1,3,019b6f4d95f8ee73f788cd90752efbd40fea7a2be6671970e3c86ba96f5d9e3b
Twitch-GPU4GST,GPU4GST_Twitch,small,P2_cross_g,200,8,900.625,6.804198690823837,7,4203,2,1,4,019d6aa05c494ece603329ed20109aa299efc1948776010088428513caa69b9b
Twitch-GPU4GST,GPU4GST_Twitch,small,P2_cross_g,233,8,2930.25,7.983184232194589,7,23114,4,1,5,037ecf436e96acfba85563fa2837f6984fbd7e6f9264f343c95173aa72f2b86c
Twitch-GPU4GST,GPU4GST_Twitch,small,P2_cross_g,111,8,5107.875,8.538734502403965,10,16368,5,2,6,08731a611fb1ae37578700ce028fec2a13e84a7d9c308cdce591e05ebfb0d2be
Twitch-GPU4GST,GPU4GST_Twitch,small,P2_cross_g,128,8,666.0,6.502790045915623,6,4904,1,2,7,06b61d7895433e7760099797f1780a5bd613c975e2658f12e85df7a675435a38
Twitch-GPU4GST,GPU4GST_Twitch,small,P2_cross_g,138,8,766.75,6.643464159320931,5,2199,2,2,8,04779144eb94f37ddb498d73f64509f00f016ad6fd06663443044b4afead9584
Twitch-GPU4GST,GPU4GST_Twitch,small,P2_cross_g,214,8,1775.875,7.4826114824052645,13,5682,3,2,9,0b3cff571c87cb836f4a821e9d0a218dc044e5dfeeecd62442be1d30fb749285
Twitch-GPU4GST,GPU4GST_Twitch,small,P2_cross_g,283,8,3314.625,8.106401421802348,8,7575,4,2,10,08aa54c511f6e16fcef9435d4cb7c01724161cb8cba8056289ee4971df5286f3
Twitch-GPU4GST,GPU4GST_Twitch,small,P2_cross_g,122,9,4716.666666666667,8.459069606065729,10,16368,5,1,1,01f49527170ed84b86e0e143c034f963ae8447c6b4d9c436cfac81ffb5fa7af7
Twitch-GPU4GST,GPU4GST_Twitch,small,P2_cross_g,141,9,1445.3333333333333,7.276786897130241,11,5682,3,1,2,0053c67fde40431c98ca651ae09e748c5127da73c54932df50a16d07c5e284dc
Twitch-GPU4GST,GPU4GST_Twitch,small,P2_cross_g,202,9,1341.888888888889,7.202578459585284,25,6681,2,1,3,06e413783503e3a9b3276727ad66a2945ce21be65e9acf9a99918a67e6999fe8
Twitch-GPU4GST,GPU4GST_Twitch,small,P2_cross_g,234,9,298.22222222222223,5.70118651547538,12,1574,1,1,4,00d54acd6b2692c29fae88dae4e5ebc122bd48f289627c738f0c37015d6fc27f
Twitch-GPU4GST,GPU4GST_Twitch,small,P2_cross_g,287,9,3015.777777777778,8.011944579760089,13,10444,4,1,5,00506195180e2c1189f389858378d393164582af8cc6669aa2fa5e7b667bac7c
Twitch-GPU4GST,GPU4GST_Twitch,small,P2_cross_g,14,9,2584.8888888888887,7.857824592008446,7,7575,4,2,6,0305a460cc83e9a2dbfdfcc2c5cd95ad666430db1e2b2d098c501d06607e4c3d
Twitch-GPU4GST,GPU4GST_Twitch,small,P2_cross_g,59,9,830.5555555555555,6.723298110057761,9,3147,2,2,7,0938b167cb0b94b2be1fc3bee1284495ea7b28e18be59e4383b324eda6a16ba7
Twitch-GPU4GST,GPU4GST_Twitch,small,P2_cross_g,167,9,4618.555555555556,8.438053779352058,5,16368,5,2,8,065e40dc4aa31f88fa525b576ebc804593b1145c8be1b0c6d411c22604ef959f
Twitch-GPU4GST,GPU4GST_Twitch,small,P2_cross_g,207,9,601.4444444444445,6.400995452722391,5,1579,1,2,9,1211a8153ce9580f6364ae2f146ca1e055ab007d5d41f71ba9560aa8df5854e3
Twitch-GPU4GST,GPU4GST_Twitch,small,P2_cross_g,256,9,1919.111111111111,7.560138333717772,13,6566,3,2,10,01b60ac7a10a071ad9b03f088b4687d90dc1dce8a3dbbc6e9d2f812b22c4aaa4
Twitch-GPU4GST,GPU4GST_Twitch,small,P2_cross_g,23,10,1328.8,7.192783833968354,18,6712,2,1,1,038d48a11c229924a07541a76d65132a28f2bd7807253cb327f6fd2d5e35ca21
Twitch-GPU4GST,GPU4GST_Twitch,small,P2_cross_g,111,10,3280.4,8.096025439580782,6,11193,5,1,2,01b5aa612aabe303367b4931935a84ce6a269947cfe208217ca869d837c49f17
Twitch-GPU4GST,GPU4GST_Twitch,small,P2_cross_g,214,10,2637.0,7.87777633327726,14,6815,4,1,3,07b32f0880e656a48575da5d80b7d6eb56118cb2c33da97896f744fc96005807
Twitch-GPU4GST,GPU4GST_Twitch,small,P2_cross_g,228,10,2194.4,7.694119541253216,12,10364,3,1,4,0d54d65bbbb9fdfc097f0559700d871519ef0e22656de3977a0218a4e900424b
Twitch-GPU4GST,GPU4GST_Twitch,small,P2_cross_g,236,10,375.6,5.931183616223052,3,3197,1,1,5,00a462bf1c5c53e2bb7be887dd51959c13dd271ddfd1db614bed9502351a6510
Twitch-GPU4GST,GPU4GST_Twitch,small,P2_cross_g,150,10,3294.6,8.100343524441435,6,11193,5,2,6,056f6caceb6b868f28a83f89752aae4c77a11f3812288a3fb0bc3596e34f254b
Twitch-GPU4GST,GPU4GST_Twitch,small,P2_cross_g,174,10,1893.3,7.5466046561342335,5,10290,3,2,7,0f13825ae880e0ca92305f72e15b132174df616d296031b087f8adda2fdaa2d9
Twitch-GPU4GST,GPU4GST_Twitch,small,P2_cross_g,197,10,918.6,6.8239387928890265,11,3493,2,2,8,0647271ded8c59c0d003da98b0cca010dccc055cb3c874b965ea01af9cb9fd1c
Twitch-GPU4GST,GPU4GST_Twitch,small,P2_cross_g,202,10,3057.1,8.025549087066176,6,11193,4,2,9,0a575f75bde5d96e9bf9c02486b8d318dcc039ebd62cad64e82d329adea7f0e1
Twitch-GPU4GST,GPU4GST_Twitch,small,P2_cross_g,297,10,231.0,5.44673737166631,7,1061,1,2,10,034ca22c9d899f414a18292014b9607dbb4e44bf4f158e6d283a0e10d22947c6
Twitch-GPU4GST,GPU4GST_Twitch,small,P2_cross_g,34,11,2519.5454545454545,7.832230607299951,20,13748,3,1,1,06a7dc346346e10dac66496415a82ee5345584077f4c8e56fd856b00c65adead
Twitch-GPU4GST,GPU4GST_Twitch,small,P2_cross_g,83,11,3136.6363636363635,8.051225045009154,11,13208,4,1,2,000a039b2cf699c46bf871c6f88d2ce76b73026ca866f04d625eea77f6053b5c
Twitch-GPU4GST,GPU4GST_Twitch,small,P2_cross_g,86,11,1244.3636363636363,7.127182843653019,51,5193,2,1,3,051d4373be8cfc8a04fb6b0c63b94092f04efa736d5731bfd7f6c3f50e43868a
Twitch-GPU4GST,GPU4GST_Twitch,small,P2_cross_g,143,11,554.5454545454545,6.319950432096545,11,2958,1,1,4,0bb3547f299c85f2a5d2bca09491c0ba3749a252b0733998cfa66f8d8908e564
Twitch-GPU4GST,GPU4GST_Twitch,small,P2_cross_g,230,11,4385.272727272727,8.386235108365387,12,31579,5,1,5,09f5ac4dfd61e05083f96938e56e9c359786f73f26ec8f115532ac7240126c0c
Twitch-GPU4GST,GPU4GST_Twitch,small,P2_cross_g,21,11,2225.2727272727275,7.7080840433210955,11,6923,3,2,6,0d600a0bc64a42de523f1d6415d6d47dcbcb13e792e91b32d4e8ad15eb812065
Twitch-GPU4GST,GPU4GST_Twitch,small,P2_cross_g,31,11,852.8181818181819,6.749718269269507,27,6566,1,2,7,11e35edeadad177b0da09d2f6cabbd5e19203f3d6f5bcc162c260b0f15620109
Twitch-GPU4GST,GPU4GST_Twitch,small,P2_cross_g,111,11,2979.090909090909,7.999709085440484,7,10444,4,2,8,05444eff1fb6717148512f82f8f8dda64f339a78d0a2160acd2b0630f42a5488
Twitch-GPU4GST,GPU4GST_Twitch,small,P2_cross_g,117,11,1560.3636363636363,7.353314844292179,18,5193,2,2,9,06cd448bdc2be6a23631a6a206f29ff030d1c45badef0abf7dea13fe3dac0f1f
Twitch-GPU4GST,GPU4GST_Twitch,small,P2_cross_g,149,11,4951.272727272727,8.50760188701445,6,16368,5,2,10,0d83a15df33d04261e87f0f148354ce98826f1fb1a6a77c22e4afa789410711b
Twitch-GPU4GST,GPU4GST_Twitch,small,P2_cross_g,19,12,1593.0833333333333,7.374054137364653,13,3402,2,1,1,054c0247b5bf12fa01d4ee498f8d96f075fbed6780458fb2ff1db783038efe8b
Twitch-GPU4GST,GPU4GST_Twitch,small,P2_cross_g,132,12,209.58333333333334,5.349881457600194,7,926,1,1,2,025148372f9ccb0b04c8173cf728b7756d1e7188fc0e290dfa0160eba517abd3
Twitch-GPU4GST,GPU4GST_Twitch,small,P2_cross_g,244,12,2250.4166666666665,7.719314926694523,6,11193,4,1,3,02f07197d1fb0deeb65911a9593f0bf2b28d0f7b3a4fd2a33768d12c821b1e95
Twitch-GPU4GST,GPU4GST_Twitch,small,P2_cross_g,251,12,3447.6666666666665,8.145742961895351,8,31579,5,1,4,0305b99b7ef6d6bc35b90e29d2d11cdd8b7cff68fac171bbc3d73206ecdeabfe
Twitch-GPU4GST,GPU4GST_Twitch,small,P2_cross_g,265,12,1975.25,7.588956388523682,5,8790,3,1,5,06dd3831cf46b7cbc1ec41d3ff8cec620667676e8bf1a24b6accbab80c1b3298
Twitch-GPU4GST,GPU4GST_Twitch,small,P2_cross_g,77,12,387.75,5.962936463493444,9,2427,1,2,6,05e6c3186b8d84877c86fd618a162470d11c5e9053088a92f4813dd31619d7a9
Twitch-GPU4GST,GPU4GST_Twitch,small,P2_cross_g,98,12,1967.6666666666667,7.5851117736357585,15,10290,3,2,7,0c8a773f9ac76703e90846657f8ed4f23a310ba9ca3a47c860fb4bec6b7a15c8
Twitch-GPU4GST,GPU4GST_Twitch,small,P2_cross_g,104,12,1450.25,7.280180533012102,17,6712,2,2,8,08e1af23cf75330a4c3da8917734423b7139ac578ab51914494e02a84dec3b7e
Twitch-GPU4GST,GPU4GST_Twitch,small,P2_cross_g,170,12,5944.5,8.690389909877634,8,31579,5,2,9,05c33acb0e65e73274a8512b7359f551bc2be975c876fde6efe09493007c40ac
Twitch-GPU4GST,GPU4GST_Twitch,small,P2_cross_g,221,12,2346.8333333333335,7.761248196032252,8,10290,4,2,10,04ce7fafa1cfb0b3fc9adec2b16def5219ecb9397ebb2d6b1c2ae992868ec4b3
Twitch-GPU4GST,GPU4GST_Twitch,small,P2_cross_g,60,13,2789.4615384615386,7.933962287105921,8,10290,4,1,1,028783100ae0e8851b2a68a566cfc81131e427b8e2c9403691de1b3620586270
Twitch-GPU4GST,GPU4GST_Twitch,small,P2_cross_g,82,13,2285.0,7.734558844354756,11,6862,3,1,2,0312f110298bbc38471ed7b7133a7513b2a4a5c53160943539fcebce319485b0
Twitch-GPU4GST,GPU4GST_Twitch,small,P2_cross_g,108,13,1456.3076923076924,7.2843459659911645,5,6862,2,1,3,0739ed54400932eca29baa7e7921029fc175f2741f87090111ec8ba0c32796ec
Twitch-GPU4GST,GPU4GST_Twitch,small,P2_cross_g,190,13,5889.846153846154,8.68115492572424,4,31579,5,1,4,0a09bca4a44931651702385ca16bb955a1e414f540a731c4502bf6d699b49935
Twitch-GPU4GST,GPU4GST_Twitch,small,P2_cross_g,205,13,641.3076923076923,6.465067460383365,11,5936,1,1,5,0e8c8f5ecfb6e59d98cf7b6c31a68dbe62f2cd115eca8d130eaf552db4479de8
Twitch-GPU4GST,GPU4GST_Twitch,small,P2_cross_g,89,13,4384.0,8.385944904806284,5,16368,5,2,6,0eb9e6ec66fba1e0a91c0ed09c67a692e1ab9860a4e590fcc1fe448138cd2588
Twitch-GPU4GST,GPU4GST_Twitch,small,P2_cross_g,184,13,3246.846153846154,8.085747333733067,6,16368,4,2,7,0ad0191426a5387c90e77bfa72f2726936dcbc594d8faa3f8c29fa1a59d1ea73
Twitch-GPU4GST,GPU4GST_Twitch,small,P2_cross_g,216,13,1223.923076923077,7.110633326658671,8,13748,2,2,8,081e751aea492fc922380618bf1ee8cd2eccd718f1a75c035587d8d6720bab17
Twitch-GPU4GST,GPU4GST_Twitch,small,P2_cross_g,254,13,1870.4615384615386,7.534474975950585,18,6622,3,2,9,0e9e68713c934e7fd1a58cc43cdef3e7923473555a5ae8b1091b3ca6792e7b7b
Twitch-GPU4GST,GPU4GST_Twitch,small,P2_cross_g,255,13,279.84615384615387,5.6378070241941005,8,1331,1,2,10,111f686e1477d2ccacebc07b2e9995b88f121a2a2807c585f88ef7590b54d51d
Twitch-GPU4GST,GPU4GST_Twitch,small,P2_cross_g,40,14,1680.2857142857142,7.427314085822349,20,6467,2,1,1,00be9eaf1eb8355031f38d2a7664a5f7dbe58d003400a24147a448c8d8d518d3
Twitch-GPU4GST,GPU4GST_Twitch,small,P2_cross_g,129,14,2508.785714285714,7.827952655686829,7,6625,3,1,2,05b41bb1d1332161128b86203e206e8c5f66db2bfa8bb8ec199a0ae682da4d33
Twitch-GPU4GST,GPU4GST_Twitch,small,P2_cross_g,153,14,1081.7857142857142,6.98729236434476,19,6467,1,1,3,02aecf0ac384e8c24c466aedc5464363277bdb1c5daed2c8f757090c046e2c11
Twitch-GPU4GST,GPU4GST_Twitch,small,P2_cross_g,258,14,3284.8571428571427,8.09738282317169,5,16368,4,1,4,0018b30da8637635194389bb500896ff0498a6f957488dbf5fe4bb5fda15d345
Twitch-GPU4GST,GPU4GST_Twitch,small,P2_cross_g,261,14,3753.5714285714284,8.23072942414827,22,31579,5,1,5,00250846e0471a11fa6075548122c6af09ade671909378fc56f4d98dce7fcf79
Twitch-GPU4GST,GPU4GST_Twitch,small,P2_cross_g,18,14,220.35714285714286,5.39977742817249,17,940,1,2,6,04a713bdc8476e0957230fbfceb05e5df45c7d57e652a69bb6154a0803b61fb2
Twitch-GPU4GST,GPU4GST_Twitch,small,P2_cross_g,109,14,4251.5,8.355262324270017,11,13748,5,2,7,0031e564b895f9f9173cf6abcbd506dc91274ec43fde1611718d98a9d22ee808
Twitch-GPU4GST,GPU4GST_Twitch,small,P2_cross_g,142,14,2130.5,7.664581236205265,18,8431,3,2,8,07f40c8e8050bd1646db902574e774fa0943be736e36f8fe9f43d417da19106f
Twitch-GPU4GST,GPU4GST_Twitch,small,P2_cross_g,159,14,2887.0,7.968319500012717,11,23114,4,2,9,02791c81e2ddc4a945ae77ecde16d0c38cdfb73114ebf9570d48876c8a9f8939
Twitch-GPU4GST,GPU4GST_Twitch,small,P2_cross_g,300,14,1770.5,7.479581924305527,5,10364,2,2,10,023626af42f4e6bd35f64157f51edf9ee05c18c92b5d8c628accd1a60a099350
Twitch-GPU4GST,GPU4GST_Twitch,small,P2_cross_g,58,15,700.9333333333333,6.553838432754549,8,5682,1,1,1,004b0cfc64372609152e480721b8127f4a759fe9580a2002eec992e136750d9d
Twitch-GPU4GST,GPU4GST_Twitch,small,P2_cross_g,97,15,2014.7333333333333,7.608738345309857,5,16368,3,1,2,0199d62eba8b693e4c3e8ee9bebdb6a49c498be3b394adc107b4f58c75e245d9
Twitch-GPU4GST,GPU4GST_Twitch,small,P2_cross_g,169,15,1257.3333333333333,7.137543373015015,12,8790,2,1,3,01c1b871f4415623c3f01070c2de446f25e50fc8371c1b6966106f1d7e8d2e27
Twitch-GPU4GST,GPU4GST_Twitch,small,P2_cross_g,267,15,2848.133333333333,7.95477013344962,10,11193,4,1,4,09c4f7a298822a4cd8b2f569cc29650f146d4560fbc4290308773fb67a6fa2ab
Twitch-GPU4GST,GPU4GST_Twitch,small,P2_cross_g,284,15,3706.866666666667,8.218211967750845,10,13208,5,1,5,02e2b237e0dcf6ed98df50f03f9700d021413e2174dee4cf57fb78e7a831a7c4
Twitch-GPU4GST,GPU4GST_Twitch,small,P2_cross_g,96,15,3245.4,8.08530196907155,12,10290,4,2,6,0bad46d70873b88a71d9da72c5d1d9fb128e5c7ffbfe55e64ff1409070b57fdc
Twitch-GPU4GST,GPU4GST_Twitch,small,P2_cross_g,114,15,270.8666666666667,5.6053117500321905,6,1458,1,2,7,01e2753852619317c23bac6c0c702ef9ee9eec74c8d04c63fef2f836a1c3bc48
Twitch-GPU4GST,GPU4GST_Twitch,small,P2_cross_g,194,15,5463.666666666667,8.606058404544866,8,31579,5,2,8,0582b9b889f908c2f4b30054f8f19557b9df3a4ca59a83e14421e9887d42027a
Twitch-GPU4GST,GPU4GST_Twitch,small,P2_cross_g,200,15,1162.2666666666667,7.05898741829602,20,5682,2,2,9,0480c23340d7cb051406e2c393b293af2ce0cee956d17df17d97a82bacf7fad7
Twitch-GPU4GST,GPU4GST_Twitch,small,P2_cross_g,217,15,1920.4,7.560809365975638,12,13208,3,2,10,01e4d3e47c6c6da7d9652a00cc340d789e967e26e3a395ef5287fb3b0b34439a
Twitch-GPU4GST,GPU4GST_Twitch,small,P2_cross_g,100,16,4896.125,8.496403577208682,6,23114,5,1,1,074084658c6fd3d50dae3ceb05e858be674d3758460df1cc8d970d529cd07934
Twitch-GPU4GST,GPU4GST_Twitch,small,P2_cross_g,118,16,2606.6875,7.866219092247488,5,10364,3,1,2,01b57fe4629140a4d1a84cd9e1c3f537d2346c2d4ee29068c968a1bef479f458
Twitch-GPU4GST,GPU4GST_Twitch,small,P2_cross_g,139,16,2806.5625,7.9400719481635615,16,23114,4,1,3,01bac0af9a3794ec96f8b238cde37db4e30ad7e2792871dbebcb5bdf112bd9fd
Twitch-GPU4GST,GPU4GST_Twitch,small,P2_cross_g,199,16,1830.875,7.513095311465157,6,11193,2,1,4,03e2fa113421ab73e1af01d9938c5c4d11c37eb38b7b739e771bbf0ed81a0899
Twitch-GPU4GST,GPU4GST_Twitch,small,P2_cross_g,289,16,1405.0,7.2485040723706105,7,8790,1,1,5,0215d5514e53fa03a5438203db6a452b592b06e69b04513ce713aeff1b7bad73
Twitch-GPU4GST,GPU4GST_Twitch,small,P2_cross_g,65,16,229.0625,5.43835101113924,6,1421,1,2,6,06dff636d73bba2b3bdc468cbc187b31df296d189ebce9ec37231b3f3aeb0ec6
Twitch-GPU4GST,GPU4GST_Twitch,small,P2_cross_g,142,16,2260.125,7.723617756021799,16,16368,3,2,7,01de8b11dbc0c0296a667e09ea1c89f407962b09ff7f340a26ed0eabcf44e870
Twitch-GPU4GST,GPU4GST_Twitch,small,P2_cross_g,143,16,5681.125,8.645080561468175,6,23114,5,2,8,08cc25cbf085d3cb5b8016d8d91bd8d404cb7bf0653acc9c3187e6cdf9ae22d7
Twitch-GPU4GST,GPU4GST_Twitch,small,P2_cross_g,214,16,1988.0625,7.595418701185826,21,8790,2,2,9,05f0bf7914f0eac3436b5f8ed1a416d381af8823517c6409d59fc10b34975cfe
Twitch-GPU4GST,GPU4GST_Twitch,small,P2_cross_g,295,16,3190.3125,8.068187553166107,6,16368,4,2,10,1317431578df074ccc8b6813996bb9789a6ea5de558cb94617ebc2a436412764
Youtube-GPU4GST,GPU4GST_Youtube,medium,P2_cross_g,95,5,522.4,6.260345990096045,6,2217,5,1,1,016896eb69249393773e3788eecd0e709bb1434b64747ebcb02af7b7ef4ae1eb
Youtube-GPU4GST,GPU4GST_Youtube,medium,P2_cross_g,199,5,24.2,3.2268439945173775,4,48,2,1,2,01a339afe89cc0de693d0b7bff64dbae190cafbe39d665870a09b26999321e96
Youtube-GPU4GST,GPU4GST_Youtube,medium,P2_cross_g,218,5,153.4,5.039546637590676,2,438,4,1,3,034dc16861953287be7da4e2a196e1bf0f89b0adcd899fe27273561ed96ee580
Youtube-GPU4GST,GPU4GST_Youtube,medium,P2_cross_g,221,5,52.8,3.9852734671677386,7,106,3,1,4,025e70aebb3f3725f4cee99edc32d0f220773168ac8fb2ec396ea7bb1a8a5ba6
Youtube-GPU4GST,GPU4GST_Youtube,medium,P2_cross_g,266,5,12.8,2.624668592163159,2,23,1,1,5,031ccce7d3a9477f097f201917bd28c51aed0b26a49470aba262d43d2f442b02
Youtube-GPU4GST,GPU4GST_Youtube,medium,P2_cross_g,112,5,93.0,4.543294782270004,5,312,3,2,6,060b606dd4af172165d5c00935651a106a81d6bd3ac90a43f35130a6d25e1dc7
Youtube-GPU4GST,GPU4GST_Youtube,medium,P2_cross_g,190,5,145.2,4.984975547315678,2,497,4,2,7,072f0f7094c92a748402afee8f14856bf1d030a86f11f64e5f31048a5e202941
Youtube-GPU4GST,GPU4GST_Youtube,medium,P2_cross_g,191,5,34.0,3.5553480614894135,6,79,2,2,8,05123f858f39c9be37c44578a6f391976f624f41f4422dc01f8ed86e5c5d2591
Youtube-GPU4GST,GPU4GST_Youtube,medium,P2_cross_g,272,5,191.0,5.2574953720277815,31,427,5,2,9,07bcf81d3316032be1c855e9b2b2b4b2af97ba9accd6576cca16a4e1e0c8e941
Youtube-GPU4GST,GPU4GST_Youtube,medium,P2_cross_g,294,5,4.0,1.6094379124341003,3,6,1,2,10,03684b7881603269adba4d9de7ce216507c686fb665548dadb4fe458f84b0c13
Youtube-GPU4GST,GPU4GST_Youtube,medium,P2_cross_g,30,6,9.833333333333334,2.3826278006675823,4,19,1,1,1,035f0a480fb11538fc5eb76b11256509c352fa18fed70df04a4b130aa84e2a6e
Youtube-GPU4GST,GPU4GST_Youtube,medium,P2_cross_g,69,6,112.16666666666667,4.728861658330641,9,467,4,1,2,0204894471e5f221d1225f61b9baa11a8e5c493b106ebb3eea82c43e9e92a9d1
Youtube-GPU4GST,GPU4GST_Youtube,medium,P2_cross_g,212,6,24.666666666666668,3.245193133185574,4,70,2,1,3,04a7b866d2b16641bed1e0b1f02b73105b198618b996de0558a012bbba555f1e
Youtube-GPU4GST,GPU4GST_Youtube,medium,P2_cross_g,278,6,726.5,6.589613999045648,3,2217,5,1,4,0587debe5929026419f3cb4f31b9e9ae85d9fb40dd3fe391b9c45306d9ffc0f3
Youtube-GPU4GST,GPU4GST_Youtube,medium,P2_cross_g,298,6,108.66666666666667,4.697445462097262,6,512,3,1,5,0097f2eb7e287c2266daafa41d64da31bde25dba87829b9855edd88b016981a3
Youtube-GPU4GST,GPU4GST_Youtube,medium,P2_cross_g,83,6,99.16666666666667,4.606835465307153,16,231,3,2,6,04145281ac51987ab77f8659ffa1288b13e8ddaa23588fd2d1fc88260cf73974
Youtube-GPU4GST,GPU4GST_Youtube,medium,P2_cross_g,138,6,40.166666666666664,3.717628867399922,16,66,2,2,7,06e2231fab08c8fa1dc72902b11af10d6479478f35ae02409def754cf986d8bb
Youtube-GPU4GST,GPU4GST_Youtube,medium,P2_cross_g,149,6,23.5,3.1986731175506815,4,64,1,2,8,0394af7942d60117f1eba04dcb78edb33f5e22097631e3d14f7d0cefb5d3e432
Youtube-GPU4GST,GPU4GST_Youtube,medium,P2_cross_g,257,6,134.33333333333334,4.907740870933623,5,678,4,2,9,02fff09ddde578876b6766d10ce1ae77b913929e37dd6f40b4fa5c393f3e43dc
Youtube-GPU4GST,GPU4GST_Youtube,medium,P2_cross_g,279,6,526.6666666666666,6.268464771212902,7,2217,5,2,10,0ba56001dd61f75a9e52df8e66671ae925db41615167c911969941b49454bff5
Youtube-GPU4GST,GPU4GST_Youtube,medium,P2_cross_g,57,7,7.857142857142857,2.181224235989778,2,36,1,1,1,03aece58bf8bc3f1a5a002fb1b52cab06876c7d17b652a214cfd3ee22b93eacb
Youtube-GPU4GST,GPU4GST_Youtube,medium,P2_cross_g,61,7,56.0,4.04305126783455,8,194,3,1,2,063122795ae26d2fbe45e684d5535a71d0860fc5aa8df390c1628d43b986543b
Youtube-GPU4GST,GPU4GST_Youtube,medium,P2_cross_g,170,7,44.142857142857146,3.809832064531599,9,116,2,1,3,0069f5e2f61eee26ff96ce151ac0948bb8f705c0b65d2edcb48bf53187c60a8b
Youtube-GPU4GST,GPU4GST_Youtube,medium,P2_cross_g,242,7,230.0,5.442417710521793,9,467,5,1,4,01f3862fa2ed820e868e39d8110aa33dd2f7e67634e12162b01664827772d226
Youtube-GPU4GST,GPU4GST_Youtube,medium,P2_cross_g,294,7,171.85714285714286,5.152465489535474,6,497,4,1,5,05cce7b62981c1c021d0452a6467f5271bcb422d4bb998f8bad83ed0165fe8f5
Youtube-GPU4GST,GPU4GST_Youtube,medium,P2_cross_g,56,7,72.42857142857143,4.296313116399852,16,190,3,2,6,08dff8d37dcc159e50034f25ce11cc1a3408d874e0c852eb66bba4cc793bd3d7
Youtube-GPU4GST,GPU4GST_Youtube,medium,P2_cross_g,127,7,50.42857142857143,3.9401938823948424,14,162,2,2,7,026a6cc88ee940d5967c7a6a840bac936a81158acc4171e533f93709d617d580
Youtube-GPU4GST,GPU4GST_Youtube,medium,P2_cross_g,143,7,158.28571428571428,5.070699534838906,20,319,4,2,8,094f8b4384d623a653c13258379ffba7424024b39ede516052f900df73a87521
Youtube-GPU4GST,GPU4GST_Youtube,medium,P2_cross_g,215,7,20.428571428571427,3.0647251450409425,2,59,1,2,9,05b379771f9840b2860812910cacaaae999561aabef82a5375bcde07064358d7
Youtube-GPU4GST,GPU4GST_Youtube,medium,P2_cross_g,293,7,204.28571428571428,5.3244027370237115,8,678,5,2,10,0c7343d548b075b391d27b0605537df7dc62d9f4cf42adfe464663684ca3f45f
Youtube-GPU4GST,GPU4GST_Youtube,medium,P2_cross_g,38,8,112.875,4.735101355580122,4,404,4,1,1,05db55a1a15fd6509bec7515b110c5a82c00cb1b41f96c84603131ae8b562c9a
Youtube-GPU4GST,GPU4GST_Youtube,medium,P2_cross_g,133,8,88.75,4.497028027368389,2,512,3,1,2,055b7f2bff2be0990ecbe919bc739308fe340587e7408b80379ec81cc6a9c43f
Youtube-GPU4GST,GPU4GST_Youtube,medium,P2_cross_g,156,8,34.5,3.56953269648137,6,110,2,1,3,03e2ab538a776719dd57efe6d4755db8809f23d5dd19edfbfef051332e03d04b
Youtube-GPU4GST,GPU4GST_Youtube,medium,P2_cross_g,238,8,287.125,5.663394413750913,3,2217,5,1,4,00355b880764e371ba1f19039dd6c7e7bb74281eaf4b10bdca3c75e07cc3cc92
Youtube-GPU4GST,GPU4GST_Youtube,medium,P2_cross_g,281,8,3.0,1.3862943611198906,2,5,1,1,5,04e24583648f537bd3564d36a10ba811637c035c28bec677e9ccf31eb0be7146
Youtube-GPU4GST,GPU4GST_Youtube,medium,P2_cross_g,3,8,112.0,4.727387818712341,6,467,3,2,6,07273df185d8112f779e9547f896dd723076bd2973b2e1d5955756fe5cd8be18
Youtube-GPU4GST,GPU4GST_Youtube,medium,P2_cross_g,41,8,152.5,5.033700567027251,15,535,4,2,7,143692b7424186cecd0a5e352ece90cce8e6cabed4c558303ea6f534db05353c
Youtube-GPU4GST,GPU4GST_Youtube,medium,P2_cross_g,79,8,24.125,3.22386336637924,5,93,1,2,8,0ef6541e1de717426fe8e705bc091d98cc0bf9e242a81988c0f7d451f11c2109
Youtube-GPU4GST,GPU4GST_Youtube,medium,P2_cross_g,183,8,391.5,5.972536537222463,2,1900,5,2,9,0543e390acd7b2eda67615ab8d20e449df2d15abb67ccb2ffe7f0d0d0282c4ce
Youtube-GPU4GST,GPU4GST_Youtube,medium,P2_cross_g,260,8,36.875,3.634291263829533,8,64,2,2,10,094722d14236c45b14542cbb8f47918a8f8aa0a248aacc1fd78b5c102785e583
Youtube-GPU4GST,GPU4GST_Youtube,medium,P2_cross_g,82,9,379.22222222222223,5.94075587711592,5,1900,5,1,1,0084639fd9921fe73c97a3112d505f19a39a919e4bd119b59f6a75d8d84836bc
Youtube-GPU4GST,GPU4GST_Youtube,medium,P2_cross_g,212,9,187.22222222222223,5.23762329787578,13,497,4,1,2,04a951424d239d4564fa65794bad0cb20b5cd01cb2d485ea56901ccbcade66a3
Youtube-GPU4GST,GPU4GST_Youtube,medium,P2_cross_g,221,9,71.88888888888889,4.2889362116078695,2,344,3,1,3,04c73af30147e352837fa01b3a6e60d5d8a46a74bab415aff7f1415d85f9e2b3
Youtube-GPU4GST,GPU4GST_Youtube,medium,P2_cross_g,229,9,26.666666666666668,3.3202283191284883,2,128,1,1,4,03a14cad9d631fef73f9c59e11469428089b05dbc06ea80e051e67bc82f666e9
Youtube-GPU4GST,GPU4GST_Youtube,medium,P2_cross_g,266,9,62.0,4.143134726391533,8,279,2,1,5,0ba377ef0adb837d0dabb3b05f0378a25f5b4b705413e1997ad3a39bc52dd4b7
Youtube-GPU4GST,GPU4GST_Youtube,medium,P2_cross_g,103,9,320.3333333333333,5.772479005942436,8,1900,5,2,6,08f4669c5cf514296e157bbf1f78dbe91b78ebe84f3a1d101ec005cdbdb46ec7
Youtube-GPU4GST,GPU4GST_Youtube,medium,P2_cross_g,139,9,42.55555555555556,3.774037262454243,10,105,2,2,7,0d903ab776c0a4002a0f5e44b50d10f2fe5b4858f3e9fc9df38459626f263bd0
Youtube-GPU4GST,GPU4GST_Youtube,medium,P2_cross_g,141,9,117.33333333333333,4.773505500807306,11,664,4,2,8,0827874081f9fc5ce6762b2671cbaea022967eb340068f9ce26d10a413cef7e3
Youtube-GPU4GST,GPU4GST_Youtube,medium,P2_cross_g,263,9,27.333333333333332,3.3440389678222067,2,139,1,2,9,0907d2284137cd799dcadf4ef8d324928f833ee581091c8ee177df1378835a92
Youtube-GPU4GST,GPU4GST_Youtube,medium,P2_cross_g,277,9,83.11111111111111,4.432138676101229,4,598,3,2,10,05a8dbf4575ac8d87cdeaa5a57a0f98526e29521912ecae26db4a468cb5bd054
Youtube-GPU4GST,GPU4GST_Youtube,medium,P2_cross_g,69,10,30.3,3.4436180975461075,3,146,1,1,1,02625f6bc863ec10ca8cecb9c8638846031f38f8b393cccff4c99f83c1414018
Youtube-GPU4GST,GPU4GST_Youtube,medium,P2_cross_g,129,10,335.3,5.818003618746224,8,1900,5,1,2,0048c74d8edf2e21054f2e6c0892a00020fc45c3bafe520e9421fecce8c745b7
Youtube-GPU4GST,GPU4GST_Youtube,medium,P2_cross_g,166,10,47.2,3.8753590210565547,3,205,2,1,3,021b0be21755c1551cd9c3614a90e8d30adc330adb133634d82a25a4d4e81220
Youtube-GPU4GST,GPU4GST_Youtube,medium,P2_cross_g,175,10,101.4,4.628886712605407,9,346,3,1,4,04d0193ea1590116e959bc3e1e286066ff959a2043545772774a62e8b7505feb
Youtube-GPU4GST,GPU4GST_Youtube,medium,P2_cross_g,222,10,122.4,4.8154311114712876,3,512,4,1,5,00d39a22433f14f54e505bf5687ef3e3a997d5ebed54bbfa348cb114f51c414e
Youtube-GPU4GST,GPU4GST_Youtube,medium,P2_cross_g,49,10,138.6,4.938781190328272,10,664,4,2,6,011115254c9ff5499e4500594fba6e39fa1e580adfff7baa8b6371d6c3cf3b07
Youtube-GPU4GST,GPU4GST_Youtube,medium,P2_cross_g,120,10,571.1,6.349313801274483,4,2217,5,2,7,02db022a3629aea000e6ca6015af931f5f6723e666f2f8856102a0b44f96601c
Youtube-GPU4GST,GPU4GST_Youtube,medium,P2_cross_g,165,10,26.6,3.3178157727231046,4,71,1,2,8,0301945dac8e8f1f109cfc2a7214b4dea1a2d30d711679e3744745ec59a51943
Youtube-GPU4GST,GPU4GST_Youtube,medium,P2_cross_g,184,10,91.8,4.530446639792155,4,467,3,2,9,074335cc1f4af1e948810c9309a8ccb7248185e439239c55daaeb46c06bd5e7c
Youtube-GPU4GST,GPU4GST_Youtube,medium,P2_cross_g,186,10,66.6,4.213607983048918,3,427,2,2,10,0259603de4c3038b8f5c27b6d9b23b1375a7018ad26c2d3e7d93373cf05c4f97
Youtube-GPU4GST,GPU4GST_Youtube,medium,P2_cross_g,81,11,75.0,4.330733340286331,9,263,3,1,1,0fda09cd68cdca4f6b2a805ea8638fda4531dc28860bf47fa10ef0aef239f813
Youtube-GPU4GST,GPU4GST_Youtube,medium,P2_cross_g,138,11,152.0909090909091,5.031031922003901,5,700,4,1,2,05304a5ca76ca0aa71eb8fa21a6a12434e3ea88f0345bbf1eac1da80f34ab868
Youtube-GPU4GST,GPU4GST_Youtube,medium,P2_cross_g,144,11,16.727272727272727,2.875104285765376,4,42,1,1,3,025b7624e41f43e4c5e2d10783f0e00d853846356780394142d170948b68ecff
Youtube-GPU4GST,GPU4GST_Youtube,medium,P2_cross_g,158,11,288.6363636363636,5.668626217671624,6,2217,5,1,4,00ea745a65366d52c87b712ea5d50e0b0bf3897de203f7808adec13cda435458
Youtube-GPU4GST,GPU4GST_Youtube,medium,P2_cross_g,240,11,51.36363636363637,3.958212387897521,2,190,2,1,5,01386f9069456f08821030bfd534cfe65dca2bc7781be7e21f54788136504f23
Youtube-GPU4GST,GPU4GST_Youtube,medium,P2_cross_g,44,11,30.0,3.4339872044851463,4,75,1,2,6,0d08fbc8e6e77a858fe60c43073f4ea6d0a6e1ea9efafbf5759fe4fa37234923
Youtube-GPU4GST,GPU4GST_Youtube,medium,P2_cross_g,70,11,203.1818181818182,5.319010862500018,2,824,5,2,7,01b423e716702f6d41bcf2e51e8fdb19ed377b60c34bdb5de1c8ec8e1246ab51
Youtube-GPU4GST,GPU4GST_Youtube,medium,P2_cross_g,104,11,68.9090909090909,4.247195696707274,6,166,3,2,8,16358f25039256141a4e9e52671be23601fdc072fc67bff4688928577fea57be
Youtube-GPU4GST,GPU4GST_Youtube,medium,P2_cross_g,197,11,155.63636363636363,5.053926963729559,21,1098,4,2,9,05fed585f6142cda831bd697af89e87e9d899667436febfdc641655f15045fec
Youtube-GPU4GST,GPU4GST_Youtube,medium,P2_cross_g,244,11,65.18181818181819,4.192405775398315,10,467,2,2,10,08f1866e37692325617d6f3c51a876d9cad24da819314e337b5208c3c36238e5
Youtube-GPU4GST,GPU4GST_Youtube,medium,P2_cross_g,11,12,74.08333333333333,4.318598607820338,3,512,3,1,1,021b33a52a06c746c48c3b026cfd0607a1b2b775af6257d6d73c41e04f4a8511
Youtube-GPU4GST,GPU4GST_Youtube,medium,P2_cross_g,25,12,147.41666666666666,5.0000236335016615,3,1098,4,1,2,02f417a48653e4a255982f7fff07f8bce47197b99a31f766aab4c864f030968b
Youtube-GPU4GST,GPU4GST_Youtube,medium,P2_cross_g,73,12,21.5,3.1135153092103742,5,93,1,1,3,00e8e1efd13d162a1d5fdd625d92534789aac16ef4e1c7442e971dd9952b654b
Youtube-GPU4GST,GPU4GST_Youtube,medium,P2_cross_g,137,12,415.5833333333333,6.03208652162557,6,2217,5,1,4,025f811048032a16248c17db211d04c1ecf9c30d205990ca60c7101a3c8670b7
Youtube-GPU4GST,GPU4GST_Youtube,medium,P2_cross_g,191,12,58.916666666666664,4.092954707933046,2,319,2,1,5,04067fc123c530f68255e1afdc4f05bce55ecee6a766c3e63cf1adccf8a8117d
Youtube-GPU4GST,GPU4GST_Youtube,medium,P2_cross_g,32,12,129.0,4.867534450455582,4,1098,4,2,6,0333aa52fc3226347bbb24ca48384df981e2a62c16c7d3735739e35893023d06
Youtube-GPU4GST,GPU4GST_Youtube,medium,P2_cross_g,78,12,56.5,4.051784947803305,3,312,2,2,7,047cc188b708a54e82d873e8a5220dfd92f277db97c46fa840c2e963a3c94bbf
Youtube-GPU4GST,GPU4GST_Youtube,medium,P2_cross_g,84,12,15.833333333333334,2.8233610476132043,5,31,1,2,8,03a95d280df123cebd2c3f5a71aefb37228fb87b01934b903e029ce4041156aa
Youtube-GPU4GST,GPU4GST_Youtube,medium,P2_cross_g,116,12,514.25,6.244652219770568,5,2217,5,2,9,08817257ffd578ee44973e9402b8806322ea153edd62ba856debe19b28dd5e14
Youtube-GPU4GST,GPU4GST_Youtube,medium,P2_cross_g,266,12,86.16666666666667,4.467821994836868,6,639,3,2,10,025d7ffa8b59673a42fbc784e070ef94dd7378e9a00a3ae880ea3db65e1d27d0
Youtube-GPU4GST,GPU4GST_Youtube,medium,P2_cross_g,101,13,137.0,4.927253685157205,13,824,4,1,1,0cae6445a034f5856216a9f885875ef370db0c356b6310cc8d2af69892df3487
Youtube-GPU4GST,GPU4GST_Youtube,medium,P2_cross_g,156,13,12.692307692307692,2.6168341928305483,2,30,1,1,2,03ebe7c25d35ac52f86e60aa437fe5d40c7241ea22a74c23c88e8f77e46ebfe2
Youtube-GPU4GST,GPU4GST_Youtube,medium,P2_cross_g,248,13,54.46153846153846,4.015689779823412,4,497,2,1,3,04fd0a3698926f6b09de08266664db81077b057f0c87c391755f97930c68f630
Youtube-GPU4GST,GPU4GST_Youtube,medium,P2_cross_g,287,13,289.61538461538464,5.672000690599918,2,1900,5,1,4,0bad452354a1e044953e57c40eea15089b2535fc24d624c1441f93ad88b2c719
Youtube-GPU4GST,GPU4GST_Youtube,medium,P2_cross_g,299,13,89.23076923076923,4.502370491191939,7,427,3,1,5,031f453542e549fa84954883d0c9683a7dd484bd526197fdbf8a404166211ae6
Youtube-GPU4GST,GPU4GST_Youtube,medium,P2_cross_g,42,13,54.76923076923077,4.021222297393138,6,404,2,2,6,12b814f63f40c10ae3eb2cdc625ccb7f3bd62599f1aaa3ac83746cd2b1e5b5b0
Youtube-GPU4GST,GPU4GST_Youtube,medium,P2_cross_g,55,13,73.53846153846153,4.311315254429229,2,284,3,2,7,03ca8b2233639fb0f1223cdc42e6f7a9bcac32bedb6bd5815e53622abf1c07b5
Youtube-GPU4GST,GPU4GST_Youtube,medium,P2_cross_g,192,13,114.38461538461539,4.748271029628765,10,382,4,2,8,0f6253b3834239d955fa5e00a1eb7163517c5ed10836d96b65cede067801db41
Youtube-GPU4GST,GPU4GST_Youtube,medium,P2_cross_g,256,13,25.923076923076923,3.2929837970219227,4,59,1,2,9,1524984f846cabc01d465f3dd0fbb62f3ab6ed988b017d152181227df07749e0
Youtube-GPU4GST,GPU4GST_Youtube,medium,P2_cross_g,265,13,207.23076923076923,5.3386469321527645,7,1900,5,2,10,0d41081aa4215858bea04883917e4cbc226c4cb8b7718ca31bf9512c864c696f
Youtube-GPU4GST,GPU4GST_Youtube,medium,P2_cross_g,54,14,69.92857142857143,4.261673334429914,12,282,3,1,1,07ad61c12d8ca9c2a4f44260b08c404b6d1a3d50ff2efc7733e99f63d6788139
Youtube-GPU4GST,GPU4GST_Youtube,medium,P2_cross_g,81,14,38.92857142857143,3.6870921435398407,4,288,2,1,2,02a4d2c3535c57862ccaa70970882b384606107c8419c25b9a5daf47e12127c6
Youtube-GPU4GST,GPU4GST_Youtube,medium,P2_cross_g,95,14,35.57142857142857,3.5992672954242493,8,125,1,1,3,00319ab82cbd438d0214cc112830523967490e2cbdca00a0e1c54396b96e8e08
Youtube-GPU4GST,GPU4GST_Youtube,medium,P2_cross_g,231,14,207.42857142857142,5.339596399467473,6,1900,5,1,4,0552efb66b8cc2f6387c122182f4fb4594718f7e49bdfa39c3249dc8b9787c4f
Youtube-GPU4GST,GPU4GST_Youtube,medium,P2_cross_g,287,14,124.07142857142857,4.828885002670593,5,1098,4,1,5,02c0f2779f3c1551ec3af868fe594f6e4176f0cfd6c2ad80258df747b8195fd6
Youtube-GPU4GST,GPU4GST_Youtube,medium,P2_cross_g,61,14,100.57142857142857,4.620762280747927,4,450,3,2,6,0d56caf337138128ce278246d36cbb488ec3768ef2d716d2ac894a171b0ac457
Youtube-GPU4GST,GPU4GST_Youtube,medium,P2_cross_g,127,14,330.35714285714283,5.803196775136485,7,2217,5,2,7,07d76a8d625050c2c143b43d55c8fb6324b38214ae33e64a69446f423a72b675
Youtube-GPU4GST,GPU4GST_Youtube,medium,P2_cross_g,138,14,33.5,3.5409593240373143,2,310,1,2,8,01ff231b569a52b0271bc754003bcbccc7489a63e16532f4b843bd1c8f69e364
Youtube-GPU4GST,GPU4GST_Youtube,medium,P2_cross_g,225,14,44.142857142857146,3.809832064531599,4,279,2,2,9,0afb5763fde5fda0bbadf272cfe3d4a7d6f0d602db262fe1c1394a805ac2039a
Youtube-GPU4GST,GPU4GST_Youtube,medium,P2_cross_g,250,14,167.5,5.126935749792416,2,1900,4,2,10,079f62e41d47f61091b39fa8a77f592ded957d898a721e4bc6e229e02cfab907
Youtube-GPU4GST,GPU4GST_Youtube,medium,P2_cross_g,9,15,68.46666666666667,4.240847021211102,5,467,2,1,1,01410d324d8768f756b9376b64aca716d05a129b55fbb65d4a6a701c67cca907
Youtube-GPU4GST,GPU4GST_Youtube,medium,P2_cross_g,33,15,92.6,4.539030383483547,2,438,3,1,2,04d2ab11433d5b5fbf7c9a3a176e2d572b57b97cca27ae9bed50565ab36b7179
Youtube-GPU4GST,GPU4GST_Youtube,medium,P2_cross_g,114,15,449.26666666666665,6.109839999843303,5,2217,5,1,3,046582b27cc3bf36934c46fb4e00f4e60414f9b670560c5ab7c9fb0e3d5ea6f0
Youtube-GPU4GST,GPU4GST_Youtube,medium,P2_cross_g,131,15,123.4,4.823502180305079,2,824,4,1,4,043478fecece76b9098528e678f0dc26e0fa5afd5ae23b7eb150631d16a75c93
Youtube-GPU4GST,GPU4GST_Youtube,medium,P2_cross_g,185,15,36.8,3.632309102625542,15,64,1,1,5,0835907f8492651cccc2ef77837636edb23e71f6c11ec43afb37fe54525db540
Youtube-GPU4GST,GPU4GST_Youtube,medium,P2_cross_g,36,15,130.53333333333333,4.879260304920405,6,516,4,2,6,06044e05141bf0f90b37c52bae7efa5b173166d81d4dac9ba7ab2bf3b532b049
Youtube-GPU4GST,GPU4GST_Youtube,medium,P2_cross_g,62,15,106.2,4.674696248636701,5,678,3,2,7,0a59cd4d71f6387064f3060e3a542fefc1d6f89b7da6e6eff6efeee94dd28c35
Youtube-GPU4GST,GPU4GST_Youtube,medium,P2_cross_g,94,15,21.4,3.109060958860994,8,53,1,2,8,0da257165e3618119cce7a72f91393a4f8792ac465c8fb172b4bb3db69d9ba52
Youtube-GPU4GST,GPU4GST_Youtube,medium,P2_cross_g,228,15,61.333333333333336,4.132496328186477,2,208,2,2,9,017f6559f2ea54dafb8ab577bceb86b66c9eda07e5aa4239557c0c197eda9e6f
Youtube-GPU4GST,GPU4GST_Youtube,medium,P2_cross_g,262,15,362.2,5.894953646727139,5,1900,5,2,10,08600e78272dfa8a5e9bbd7e3ac04f3f6109e86244cc8e21bdc77125ed9f861a
Youtube-GPU4GST,GPU4GST_Youtube,medium,P2_cross_g,11,16,94.4375,4.558471582978851,2,678,3,1,1,026f73f322641b90a37ccfee3d29ea8381c85b6e6bb409781e83838f51b1354b
Youtube-GPU4GST,GPU4GST_Youtube,medium,P2_cross_g,51,16,261.4375,5.570012958444412,3,2217,5,1,2,02627563248550de37854de8df401c94ce46420c3f2880390eda6bbdd9f10838
Youtube-GPU4GST,GPU4GST_Youtube,medium,P2_cross_g,168,16,131.125,4.8837484441904015,12,467,4,1,3,028afe2171b34a1a78d6c2d8cf81d99054ca9447957f8573a4ca000966cfd0d7
Youtube-GPU4GST,GPU4GST_Youtube,medium,P2_cross_g,204,16,64.5,4.182050142641207,5,467,2,1,4,018d242a5e428d86ac8c8f36135c9d7f34e198b607f67b421b43a67c75841fc8
Youtube-GPU4GST,GPU4GST_Youtube,medium,P2_cross_g,281,16,31.0,3.4657359027997265,6,118,1,1,5,07950bf3e508264d35aa865bd573f0693f75b730545741b1644455ee7c77dd75
Youtube-GPU4GST,GPU4GST_Youtube,medium,P2_cross_g,20,16,218.9375,5.393343415081804,6,2217,5,2,6,0b189a18b06902f00afddc9f80bf7b7a3c508d4de11640b22639b4d0b091fb46
Youtube-GPU4GST,GPU4GST_Youtube,medium,P2_cross_g,24,16,49.5,3.9219733362813143,2,319,2,2,7,07d2dd2edaaa58d89a5896d3fa55a9f3d4be6f3f8222ae81cfeff10e2921c51d
Youtube-GPU4GST,GPU4GST_Youtube,medium,P2_cross_g,150,16,191.75,5.261394012443439,6,2217,4,2,8,0354e8867a247d7a5d74543d5262152f051eb0473a1790ebc6960c3af0e50d57
Youtube-GPU4GST,GPU4GST_Youtube,medium,P2_cross_g,245,16,21.8125,3.1273086313427103,2,88,1,2,9,0d8a4b2e6828072b44bee73c8918b0e5ecd07df1295eeda27e59dc9fb14c7faf
Youtube-GPU4GST,GPU4GST_Youtube,medium,P2_cross_g,287,16,87.125,4.478756261132433,6,824,3,2,10,03f6852dfad4e80123b8e26122f47c6c696b4e2eecd77079af762755863cf194
DBLP-GPU4GST,GPU4GST_DBLP,medium,P2_cross_g,15,5,2071.4,7.636462634940633,354,4752,2,1,1,0315cc166e584aaa626842a65208b154f9366be6945a8739bea5dcfb644ee947
DBLP-GPU4GST,GPU4GST_DBLP,medium,P2_cross_g,50,5,5451.4,8.603811157696688,36,22252,3,1,2,00bb51ca7a51dc94b351858e3db45d70021eb60a72678629f11bc74680261ce2
DBLP-GPU4GST,GPU4GST_DBLP,medium,P2_cross_g,166,5,16081.2,9.685468349294911,4,62812,4,1,3,001adc14f9695b7d3858954460757ff08b354a6525c079826079860029d062e6
DBLP-GPU4GST,GPU4GST_DBLP,medium,P2_cross_g,167,5,68201.4,11.130235033828214,3,327807,5,1,4,02739299a53a0e3d0c3b58b0973a5be9c1d82a51b2bbafd6a61aad286ee4f55a
DBLP-GPU4GST,GPU4GST_DBLP,medium,P2_cross_g,283,5,1176.4,7.071063896594161,51,2612,1,1,5,01448b42e739dbaa7cce4e284ce9519bb32261f5880ab86eaaa2c8930ce12a34
DBLP-GPU4GST,GPU4GST_DBLP,medium,P2_cross_g,43,5,5774.4,8.661362797060614,10,14989,3,2,6,00c4355cdff2a2c5a5e49df47ffc3dc8eb228ca2cf0dbf63d5328426abbe65ab
DBLP-GPU4GST,GPU4GST_DBLP,medium,P2_cross_g,77,5,55101.0,10.916941292122916,8,233279,5,2,7,04d7bf86a02d519eca96cc2d60b1c43325554424f1137c4710bff9fc16a9d7ca
DBLP-GPU4GST,GPU4GST_DBLP,medium,P2_cross_g,161,5,2172.6,7.6841400581121375,208,7809,2,2,8,1016c7bb0e4a9cff67244f341ffe3cb80d52e2e0c6976ec6a5c68e85fa57977a
DBLP-GPU4GST,GPU4GST_DBLP,medium,P2_cross_g,192,5,11019.0,9.307467082706905,1,40480,4,2,9,01abf8607199a8e80c38f584f74ff209372934624cb2a7396879b8a909c056bd
DBLP-GPU4GST,GPU4GST_DBLP,medium,P2_cross_g,286,5,438.0,6.0844994130751715,66,880,1,2,10,03d34e46cc2d0e37e60164b233eb72abcee5dc92c18998c3b8d2f9cf066ca535
DBLP-GPU4GST,GPU4GST_DBLP,medium,P2_cross_g,56,6,3037.3333333333335,8.019064398444653,330,11831,2,1,1,0902bd292d6fd000dc478ca534180273c43ed85b830007731b1b232736d3e797
DBLP-GPU4GST,GPU4GST_DBLP,medium,P2_cross_g,114,6,96502.66666666667,11.477336283150995,4,338654,5,1,2,01acc567f7988f3363df9fc510714d4ff11870f337ed37c2782457e217e1792a
DBLP-GPU4GST,GPU4GST_DBLP,medium,P2_cross_g,144,6,5807.0,8.666991556504632,64,28490,3,1,3,032cecb5a7ce8113b3f1966b95484f87ee9c88ee72d74cd1153b066e5594a6cc
DBLP-GPU4GST,GPU4GST_DBLP,medium,P2_cross_g,187,6,10714.666666666666,9.279462124046564,135,55227,4,1,4,0085f306c7f8a20bd5b7d6fbfd4b4156b1895133e70d6d93be6e749b17d5e8c8
DBLP-GPU4GST,GPU4GST_DBLP,medium,P2_cross_g,221,6,972.3333333333334,6.880726606594218,20,4183,1,1,5,165257731c9da7ce9eb2ac36053d41d7ff243dd6f62b8ba808b5d4874b722c6f
DBLP-GPU4GST,GPU4GST_DBLP,medium,P2_cross_g,48,6,24645.666666666668,10.112396943822514,29,59458,5,2,6,02079978295cd32f92d8515a173edbd5b07de9b45614e3db75bbac87fac77025
DBLP-GPU4GST,GPU4GST_DBLP,medium,P2_cross_g,74,6,3319.5,8.107870652980768,62,9741,2,2,7,0fb113200d46e6a55ff4453b2d5b9b0749ccf2fe3e49c526efdf336f80cc7c0b
DBLP-GPU4GST,GPU4GST_DBLP,medium,P2_cross_g,99,6,538.5,6.290642784698189,93,1224,1,2,8,1a83063fb4c7be61524936bdbf930dd991f29bd236c33fb764ebc242e234ad75
DBLP-GPU4GST,GPU4GST_DBLP,medium,P2_cross_g,249,6,7615.666666666667,8.93809410765424,5,26380,4,2,9,06cdca24486d0b05baddd4912d47da9f424c2333251a6fc32aa965ed46be44d7
DBLP-GPU4GST,GPU4GST_DBLP,medium,P2_cross_g,279,6,5108.0,8.538758969330798,54,16830,3,2,10,09e78dfd48777d6525602f138ba248f3f08ebe09be5996e32afc05b28ded05df
DBLP-GPU4GST,GPU4GST_DBLP,medium,P2_cross_g,3,7,8110.142857142857,9.000994056680975,17,26380,3,1,1,00553145e3b61ceca343cc1e42d59bc9d86f5f3d01dd75f5811a5570e77064aa
DBLP-GPU4GST,GPU4GST_DBLP,medium,P2_cross_g,72,7,11795.285714285714,9.375539990927502,16,40381,4,1,2,01c05c695b34801bc68352b88ebf39d34243d3c3dd59ae3ee5c138509ba230da
DBLP-GPU4GST,GPU4GST_DBLP,medium,P2_cross_g,153,7,3176.0,8.063692634269517,56,15709,2,1,3,079a10b0c3fd53f870ca956601a6965b41c99deb31de1a836854931f14079160
DBLP-GPU4GST,GPU4GST_DBLP,medium,P2_cross_g,192,7,634.4285714285714,6.454299686875105,60,1601,1,1,4,0094a5e1053cd7bc915b2f61459afdceb8498329ad73118fc5cd504a9dd035e9
DBLP-GPU4GST,GPU4GST_DBLP,medium,P2_cross_g,288,7,67267.57142857143,11.116448414411986,17,423502,5,1,5,02ab1cc8f9b8a8152b7ef4163eebc9af041f2dcd58b770576b4f63b3bcdcbbe0
DBLP-GPU4GST,GPU4GST_DBLP,medium,P2_cross_g,17,7,9122.42857142857,9.118600952270322,22,33071,3,2,6,02a6ecb0874b5376fb7471d868f5ffcc2c9f1dc438366239ced74b5e2aee3d2c
DBLP-GPU4GST,GPU4GST_DBLP,medium,P2_cross_g,50,7,1562.857142857143,7.354910576049244,17,5016,1,2,7,0a9aadb7bf3183192211eeed4d100db0191843eea6a6e79f89cd1ebb18ee5a20
DBLP-GPU4GST,GPU4GST_DBLP,medium,P2_cross_g,159,7,16146.285714285714,9.689507247299034,3,66162,4,2,8,08f5945a11f93abbd4cd9c42b0d26e00303e11e29e0db6355dc038e5d513eaa2
DBLP-GPU4GST,GPU4GST_DBLP,medium,P2_cross_g,268,7,146185.85714285713,11.892640925833204,1,874621,5,2,9,036b05ee71dcda0b93ceec4247b5d6b25e2faf971833ac5032acfa862e62e362
DBLP-GPU4GST,GPU4GST_DBLP,medium,P2_cross_g,269,7,2763.8571428571427,7.924744246385575,3,7341,2,2,10,0cd8efa32cdd431acebbec7bac3b6604235e2a181e239b5c3b1fd01f0a1e9a82
DBLP-GPU4GST,GPU4GST_DBLP,medium,P2_cross_g,146,8,126699.375,11.749580326052286,4,874621,5,1,1,00e22238a203a59785503170622c0e88686fd62da23c467425e818be345e9249
DBLP-GPU4GST,GPU4GST_DBLP,medium,P2_cross_g,185,8,8984.0,9.103311799217659,12,61699,3,1,2,042ac9c5c8ccdae178e69d65c918b59f5fc1b18d1ed0be2b47c3d6b8111bbf9c
DBLP-GPU4GST,GPU4GST_DBLP,medium,P2_cross_g,221,8,318.75,5.767539440458952,63,809,1,1,3,0566f50862aa8b5d29f4ddc6b68520ad923a214a0a270cd5fd81260964eadc8a
DBLP-GPU4GST,GPU4GST_DBLP,medium,P2_cross_g,270,8,23768.5,10.076158525215039,6,151547,4,1,4,00632b1ae90f9c1f0c2d10d53a0d139f33637596076fcb4ab264ea780b226946
DBLP-GPU4GST,GPU4GST_DBLP,medium,P2_cross_g,285,8,5651.875,8.639919544277975,16,20184,2,1,5,03ad4362a056ef4522db307d42475b5f0666a113ef2467b26f5c8707dce9540b
DBLP-GPU4GST,GPU4GST_DBLP,medium,P2_cross_g,28,8,3596.0,8.187855443695623,111,12957,2,2,6,0b33d58ec3c1166061561b3cbae90449e019bd8a76d927bb9894136ca5c39d58
DBLP-GPU4GST,GPU4GST_DBLP,medium,P2_cross_g,142,8,6112.375,8.7182342728225,4,16409,3,2,7,056d9bdb2b178e2bae5da9630e6aeffb6668e4666ad0a59f28e4d1eb178505bc
DBLP-GPU4GST,GPU4GST_DBLP,medium,P2_cross_g,144,8,174672.75,12.070675227247916,3,874621,5,2,8,02826d0cffed4879271dba81080f755b78bf6be19b7540190314eb23a9d3222c
DBLP-GPU4GST,GPU4GST_DBLP,medium,P2_cross_g,218,8,1114.875,7.017394129499526,163,5146,1,2,9,0aa6ea3081d46b8fe4c8e6275723e3bc89fbdc68229d42f395c2e77af0ce6d35
DBLP-GPU4GST,GPU4GST_DBLP,medium,P2_cross_g,240,8,19935.25,9.900294961636964,1,91480,4,2,10,08c06c59a014c1529b9f9e5044476393b146611fe7de8d0247961b26959d7eaf
DBLP-GPU4GST,GPU4GST_DBLP,medium,P2_cross_g,107,9,3521.3333333333335,8.16687892777292,57,15394,2,1,1,0b883fbcb5a10e7089db7b89b8a2818cb4c4153eb23aaa8199f68a6a9b093e85
DBLP-GPU4GST,GPU4GST_DBLP,medium,P2_cross_g,161,9,6385.444444444444,8.761932967540188,34,47500,3,1,2,005e2ec7f442070964dc0f3130f5121746cce66f075ea0ce16b1ff57ff8d00d6
DBLP-GPU4GST,GPU4GST_DBLP,medium,P2_cross_g,200,9,77912.88888888889,11.26335950722344,7,246074,5,1,3,00242f77b352b95aad2a50e748f1a97c3df6648028508e80dd6e59a94eaa9b35
DBLP-GPU4GST,GPU4GST_DBLP,medium,P2_cross_g,214,9,18072.666666666668,9.802211277593297,24,90600,4,1,4,02469c95ed9ad7621542b0f6ad60cacf5db1e7461307543c610da1faa54a807e
DBLP-GPU4GST,GPU4GST_DBLP,medium,P2_cross_g,282,9,703.0,6.556778356158042,49,3708,1,1,5,05725e689181199bf10af9b51c79b425b22b3f659894ded80f5116e2cb3ddb23
DBLP-GPU4GST,GPU4GST_DBLP,medium,P2_cross_g,128,9,1241.7777777777778,7.1251042965880105,62,7041,1,2,6,0927d1415457f113d337cbb1f005ea036004fd7a767e18ca4c8da647fa024de0
DBLP-GPU4GST,GPU4GST_DBLP,medium,P2_cross_g,132,9,5926.222222222223,8.687310954289343,5,24910,3,2,7,0ca6a3daf7f75d3cd82aa2e1f4815477ad290726747ff9949582c70723584b7c
DBLP-GPU4GST,GPU4GST_DBLP,medium,P2_cross_g,231,9,28716.222222222223,10.265252299202594,1,185984,4,2,8,0c22c03a3b3be6ea294f53c5d6c3ab4208c4cf01f0247e6558b7063990a5c27c
DBLP-GPU4GST,GPU4GST_DBLP,medium,P2_cross_g,269,9,114174.22222222222,11.645489584381258,2,874621,5,2,9,01d1ab1b95d1bd134dbf5959b998f0f4580105432bdf10f25341d361eb0854b9
DBLP-GPU4GST,GPU4GST_DBLP,medium,P2_cross_g,299,9,4775.0,8.471358655072438,5,25928,2,2,10,10439ea5f2ee39a33a6182a7df9a2e181b94a75dd84edf7ee2c0605baae637c9
DBLP-GPU4GST,GPU4GST_DBLP,medium,P2_cross_g,27,10,19843.0,9.89565697342094,22,94470,4,1,1,08769d2454ccdb4b5efda46e82260be6172cb03922e11accdfa1b0c63ef57484
DBLP-GPU4GST,GPU4GST_DBLP,medium,P2_cross_g,30,10,5430.1,8.599896970680652,45,26766,2,1,2,08bca7b8e56501a75d4f3eae53b259a9dbc7b06f2b3de3747a48673ce666bfa5
DBLP-GPU4GST,GPU4GST_DBLP,medium,P2_cross_g,90,10,667.7,6.505335529059933,6,2160,1,1,3,017dd241c94e80421eeebe9e56d22e0ef3a26c89493c3600883fc5f4e7bc0bb1
DBLP-GPU4GST,GPU4GST_DBLP,medium,P2_cross_g,101,10,6034.3,8.705380842320984,62,42385,3,1,4,07fc65d7b788f59677dfb4b5b8a91d3bfc992a2a94e04d1a9e3dc8a7d9952a0b
DBLP-GPU4GST,GPU4GST_DBLP,medium,P2_cross_g,122,10,129802.1,11.773773965863699,6,423502,5,1,5,015dd795cd06ea2f946602b61929a8fc82a3d1510feb31baaacfea815cf90a92
DBLP-GPU4GST,GPU4GST_DBLP,medium,P2_cross_g,40,10,8869.4,9.090475170115475,61,44513,3,2,6,08294917ca89665a3072b2e6562da8be803e2dfd5840b6dc9dcba7f069c5e74e
DBLP-GPU4GST,GPU4GST_DBLP,medium,P2_cross_g,68,10,38004.0,10.54547300900014,13,210208,5,2,7,104c784f7c14ec83a83ae8ac2858e9bb87e781a1ee016e09e66da558c61f89df
DBLP-GPU4GST,GPU4GST_DBLP,medium,P2_cross_g,74,10,3104.5,8.040930011999357,164,22308,1,2,8,09322cdf9846a8fa133780bbf03080a01ac0870687db6e75779176858710a5ea
DBLP-GPU4GST,GPU4GST_DBLP,medium,P2_cross_g,117,10,4606.7,8.435484096089692,13,11299,2,2,9,10262f0651300a236ade8b3f1acc89f5c5aca47b7ccc062a426f6ed91d8ad7c8
DBLP-GPU4GST,GPU4GST_DBLP,medium,P2_cross_g,140,10,13827.3,9.534472495917548,33,52381,4,2,10,08b1b87d9f482ea818a3a0192559ca884e006ec62b5e56e1e296a094de087b43
DBLP-GPU4GST,GPU4GST_DBLP,medium,P2_cross_g,19,11,27585.454545454544,10.225080153896021,92,215790,4,1,1,003065a5cb5e1ff874f2d99f973cc5265d5f81791df47ef7a449517595e92b99
DBLP-GPU4GST,GPU4GST_DBLP,medium,P2_cross_g,91,11,3622.181818181818,8.195107874063654,113,10223,2,1,2,0103aa6e6f39129eda8cd6c4f412c27bf33dc84b4befb31bab693c4b7c7923a2
DBLP-GPU4GST,GPU4GST_DBLP,medium,P2_cross_g,132,11,2783.2727272727275,7.931741979038755,172,8662,1,1,3,01cd0e34c49384c782b1282b35380559c9ca20705f9f0f11306d62a8d9c5e08a
DBLP-GPU4GST,GPU4GST_DBLP,medium,P2_cross_g,140,11,11303.454545454546,9.332952134583394,7,65096,3,1,4,0285485ede7eed7a413e4fdc5bf4f994334d12829ba9f6a9c1ece83dccd1c20d
DBLP-GPU4GST,GPU4GST_DBLP,medium,P2_cross_g,224,11,54416.09090909091,10.904433554625616,6,423502,5,1,5,05caaa86338ab2c7bf9157ebf2f470d593d17acb51a53b8fe68e84aa9de80b6e
DBLP-GPU4GST,GPU4GST_DBLP,medium,P2_cross_g,27,11,57549.818181818184,10.960423630935471,6,409099,5,2,6,09ad1734c5614edaadcd555faef0e153351ae598eaf526f427d4d279cb1d37af
DBLP-GPU4GST,GPU4GST_DBLP,medium,P2_cross_g,125,11,32518.18181818182,10.389585404002743,4,339675,4,2,7,03d69b6615074698cd34a8652a6c17e8b09305501f60387f92357627aee0486d
DBLP-GPU4GST,GPU4GST_DBLP,medium,P2_cross_g,137,11,8117.363636363636,9.001883890231998,27,51572,3,2,8,02ecc5ab0cb52836d0828b841858a55d44dedd12d7fb393ad35fb6f10d1af1a7
DBLP-GPU4GST,GPU4GST_DBLP,medium,P2_cross_g,242,11,1300.3636363636363,7.171167944733845,18,5375,1,2,9,03e24912793d2289b62b51ebd0ce69b99a9e2b9c1e26c0a196a1ee09e78ff1af
DBLP-GPU4GST,GPU4GST_DBLP,medium,P2_cross_g,296,11,3763.2727272727275,8.233309954847867,149,26766,2,2,10,06ef2b6eeb45ed26df5cb9ae5b4f1bce9bbeb7fc221d9d78aa412ddf4a051739
DBLP-GPU4GST,GPU4GST_DBLP,medium,P2_cross_g,28,12,11595.25,9.358437048967481,25,66805,3,1,1,009c84b9f0a4925a75947c7a5b692466eca8f18c1264dcda675571634e316718
DBLP-GPU4GST,GPU4GST_DBLP,medium,P2_cross_g,75,12,4922.5,8.501774938687857,5,38592,2,1,2,0292d11ef8b58f72efc6e91bc75f60ec91a22f276330252b8601c46d8259a96b
DBLP-GPU4GST,GPU4GST_DBLP,medium,P2_cross_g,104,12,16018.25,9.681546403047024,1,121938,4,1,3,0ff7d68238d16136d338f4b9c669e932d12970025b01262159877de495638200
DBLP-GPU4GST,GPU4GST_DBLP,medium,P2_cross_g,263,12,1704.1666666666667,7.441418136650885,42,5795,1,1,4,0407c984a370e61dcf07a2535e907248c6ad5062190d343271c5c62454a2013c
DBLP-GPU4GST,GPU4GST_DBLP,medium,P2_cross_g,300,12,70934.25,11.169522768093156,4,415738,5,1,5,08df9f2a0fd6bb654a02dc19a0d125d714fd99f433d7d3fd7ed2ebe85c8d8e1d
DBLP-GPU4GST,GPU4GST_DBLP,medium,P2_cross_g,50,12,22251.5,10.010209640833086,2,110573,4,2,6,1294773aa256a5a9e49d05f2a5a72d5df27c26460ae42cf6d34a507dcca07d7a
DBLP-GPU4GST,GPU4GST_DBLP,medium,P2_cross_g,105,12,2458.5833333333335,7.807747237886789,87,12733,1,2,7,0915884287c97ecb4fcc9291531becfa8d8e1acd39f9355f8d21754cc95f4ebe
DBLP-GPU4GST,GPU4GST_DBLP,medium,P2_cross_g,162,12,7633.583333333333,8.940443642926276,38,23678,3,2,8,02ee2622d6921e1ebe5c86a6358e3bce5039b0a3324688d620e52cb41ec08f0b
DBLP-GPU4GST,GPU4GST_DBLP,medium,P2_cross_g,249,12,62360.916666666664,11.040710058213605,4,629818,5,2,9,18ed434062ca5b3b4ad3ad22c739e897b8fd6c0eefa231c97326b19ec4e5734c
DBLP-GPU4GST,GPU4GST_DBLP,medium,P2_cross_g,287,12,4960.416666666667,8.509446597217407,2,26384,2,2,10,06df412c244d7135e7e86f4931af6918c39dfd4eee76a5dc0466597ada304ca7
DBLP-GPU4GST,GPU4GST_DBLP,medium,P2_cross_g,114,13,6999.2307692307695,8.853698394527017,287,40535,3,1,1,02c3ed1e6f3363a5a1cede7853ee264bda241424a8e201ecec9ba400e2979c3d
DBLP-GPU4GST,GPU4GST_DBLP,medium,P2_cross_g,171,13,2032.0,7.617267813628347,40,7863,1,1,2,0ac8b2a0f67bcd7824e6cd72430a22943b2b3d0806f5e749bce16467da417cdd
DBLP-GPU4GST,GPU4GST_DBLP,medium,P2_cross_g,184,13,14155.692307692309,9.557942745870836,5,50157,4,1,3,0ad8ecb9c8830d59f54d77daae27e1ceaafed573c2725f0dd04d192aba3790ac
DBLP-GPU4GST,GPU4GST_DBLP,medium,P2_cross_g,257,13,37967.46153846154,10.54451113458727,19,415738,5,1,4,021b65516e32176c9bb728c8d054cde0e03f2a346f39b19eedceb5ca0e7f80d6
DBLP-GPU4GST,GPU4GST_DBLP,medium,P2_cross_g,286,13,4985.153846153846,8.514420119234002,221,22700,2,1,5,05560da0acf55afcfee8c2964fc3338ad0f915cce22f4420760cacad20e322b4
DBLP-GPU4GST,GPU4GST_DBLP,medium,P2_cross_g,27,13,34037.53846153846,10.435248645853036,7,301240,5,2,6,03c25564e9e9092d0b6208e84cae7acccd7a0fcfb36a94ad98dc72cbd0015629
DBLP-GPU4GST,GPU4GST_DBLP,medium,P2_cross_g,39,13,10489.538461538461,9.258229031010845,64,68102,3,2,7,03094c64c1d29b15407198f8cc4668cebc50d17fa5abdef053b26ba920c5eea9
DBLP-GPU4GST,GPU4GST_DBLP,medium,P2_cross_g,63,13,25544.23076923077,10.148205915555794,5,210208,4,2,8,0f560b736ef17b9818d6a4cbe89cead1a2560138cb33367ece64c746842fe810
DBLP-GPU4GST,GPU4GST_DBLP,medium,P2_cross_g,237,13,3159.6153846153848,8.058522029588095,112,28646,2,2,9,07aa5996d1ed6fb14cc37be6817a44bd2bf17dc69cf245c99e2f43b194cbad0e
DBLP-GPU4GST,GPU4GST_DBLP,medium,P2_cross_g,278,13,1735.3076923076924,7.459516121627494,76,4788,1,2,10,0c5c2dff55cb3a6d8bf9323d430d9ad038185f82d113ca30763d73b32393f5ea
DBLP-GPU4GST,GPU4GST_DBLP,medium,P2_cross_g,43,14,1632.0,7.398174092970465,7,6220,1,1,1,057a0364ad7f0243d3fdf326e14cf4e70a114447785c8577416e60a81204d655
DBLP-GPU4GST,GPU4GST_DBLP,medium,P2_cross_g,153,14,3326.214285714286,8.10989068203402,73,13178,2,1,2,016938939acfb0d2b10cc781d80993a926b6a4ad439623c8455a870925ca86b7
DBLP-GPU4GST,GPU4GST_DBLP,medium,P2_cross_g,182,14,102295.35714285714,11.535629341753944,8,374296,5,1,3,05365c9a961da7b1b8caeb851ae05eebf4df7ec25bacb0a091ff626821ebbc39
DBLP-GPU4GST,GPU4GST_DBLP,medium,P2_cross_g,258,14,8359.857142857143,9.031316229872902,15,51395,3,1,4,00758ceffeda0221f88de4115d9a99436973249f447a5e09f804ff0c4d72a2e5
DBLP-GPU4GST,GPU4GST_DBLP,medium,P2_cross_g,284,14,19354.5,9.870731895796137,4,84964,4,1,5,14f2f58242267f9f68581f96168194fbf446f8101e52a67eede5dc8069fda81e
DBLP-GPU4GST,GPU4GST_DBLP,medium,P2_cross_g,68,14,2797.214285714286,7.936736737608963,38,19294,1,2,6,0817caf18b4ab7a2e247055edc1a97be787de97af2daeee4e93daf3be71453ec
DBLP-GPU4GST,GPU4GST_DBLP,medium,P2_cross_g,87,14,53869.42857142857,10.894336971303385,5,629818,5,2,7,069ccb50cdc85a32260247e356d5f8c6986f211750e7038739930b3114b24190
DBLP-GPU4GST,GPU4GST_DBLP,medium,P2_cross_g,149,14,17802.64285714286,9.787158370236886,23,183083,4,2,8,160eb595a43aa23a2cfb4ea6c7cb0d67ce34abf96744b6b89aeb17b1d28a3537
DBLP-GPU4GST,GPU4GST_DBLP,medium,P2_cross_g,232,14,5614.071428571428,8.633209588119492,23,23858,2,2,9,04044d482570f64be024184ff843cc6fb03b2e46bb1675144975ffee279a41db
DBLP-GPU4GST,GPU4GST_DBLP,medium,P2_cross_g,259,14,6916.857142857143,8.841861339219884,2,36841,3,2,10,03f6a733d7a49d4ff3536c4e8783c465eb717d4de7e06c209780e876d6d3da7b
DBLP-GPU4GST,GPU4GST_DBLP,medium,P2_cross_g,69,15,9000.0,9.105090961257085,50,59715,3,1,1,073f9a3b391439f4483799df80ef4c5c92d904d50dd8ce6e968bf9533a93a99a
DBLP-GPU4GST,GPU4GST_DBLP,medium,P2_cross_g,112,15,4710.133333333333,8.457683780853836,200,52094,2,1,2,010a3cfaf8df42759fefe0ad319530faf081230109bdace0a9e0f62c73f7e38a
DBLP-GPU4GST,GPU4GST_DBLP,medium,P2_cross_g,116,15,1150.3333333333333,7.048675970038514,115,4436,1,1,3,000bdc299c161986d901ac524a8f20d6f36efd5d9185980ec49e25dbe8ffb8aa
DBLP-GPU4GST,GPU4GST_DBLP,medium,P2_cross_g,150,15,29237.133333333335,10.283229072336605,6,143021,5,1,4,065ecd2649dbfcf0c7b6bf61106424c697074994ad7409aea3055f233e75b89f
DBLP-GPU4GST,GPU4GST_DBLP,medium,P2_cross_g,233,15,13590.933333333332,9.517231758493752,4,118866,4,1,5,0254d74d2975099cb33f0d26d88d078c68b8261b1885b808de765091b35e7dd6
DBLP-GPU4GST,GPU4GST_DBLP,medium,P2_cross_g,61,15,14863.6,9.606737826223865,7,174815,4,2,6,05b3c03ad8eaa82818eed00c7e58b85b852369ee24c89b53da498314be9ab3ad
DBLP-GPU4GST,GPU4GST_DBLP,medium,P2_cross_g,155,15,60490.53333333333,11.01025868932215,1,409099,5,2,7,09ae7e350c10ef2b729cfd002515de0da6cf1cb7df6f01272cca594d5340d44c
DBLP-GPU4GST,GPU4GST_DBLP,medium,P2_cross_g,190,15,5144.8,8.54593612694845,42,33723,2,2,8,13a91c876ca96ee7c8894d2ad78ce9b3046073e4c6f8eca2b0a0033a20518ce5
DBLP-GPU4GST,GPU4GST_DBLP,medium,P2_cross_g,218,15,2009.3333333333333,7.606055824782877,110,7957,1,2,9,018be14456cc756c8e9e9e3c10f393e284953fa850f6106c6b32a5c88f4646c8
DBLP-GPU4GST,GPU4GST_DBLP,medium,P2_cross_g,248,15,7702.666666666667,8.949451684975262,10,36792,3,2,10,0d368de2c5b92418780fd81f04ca26626020dfc71fd147f5707c63bfa9672b34
DBLP-GPU4GST,GPU4GST_DBLP,medium,P2_cross_g,47,16,25280.1875,10.13781582104996,31,170060,4,1,1,0a67e9075a902173aad806751385eb4085b5e9a57b498338587eece803ffa6f3
DBLP-GPU4GST,GPU4GST_DBLP,medium,P2_cross_g,149,16,11971.1875,9.39034153039355,18,91658,3,1,2,045f6364a21312c76f7cbf2f560423f85407561ae7d5007b962c16d1fed4fdc8
DBLP-GPU4GST,GPU4GST_DBLP,medium,P2_cross_g,163,16,4891.3125,8.495420374570596,161,36792,2,1,3,0046757246d36c7dae4a78a1ec383d132f932621a0ee474f63f68b56b2143b51
DBLP-GPU4GST,GPU4GST_DBLP,medium,P2_cross_g,192,16,33136.625,10.408424622751616,6,338654,5,1,4,02243423fe98dac2f31048887f41a9b2bd433ae9f562183e341f14eb20e038cf
DBLP-GPU4GST,GPU4GST_DBLP,medium,P2_cross_g,296,16,1666.0,7.418780882750794,147,6630,1,1,5,0111dd97f609fb0860426e296b37a5ca479669a4ef060c780c14bc656e3ef51d
DBLP-GPU4GST,GPU4GST_DBLP,medium,P2_cross_g,15,16,19426.4375,9.874441649989045,8,121938,4,2,6,0d3df96f84f1b1c2e7e85ee14b5f343ef05272b106be6b9171e23f383ea1cdca
DBLP-GPU4GST,GPU4GST_DBLP,medium,P2_cross_g,74,16,4303.3125,8.367372706083192,34,48065,2,2,7,06c98a25e00e7f41905f54d0619104f43abd5e6e7685d5069b6910765caa7e9a
DBLP-GPU4GST,GPU4GST_DBLP,medium,P2_cross_g,165,16,55157.3125,10.917962738618384,4,409099,5,2,8,05d6d79d03da09a09c61638566e881ea9a36a65647668d2f71b9dcdd5ba50bcc
DBLP-GPU4GST,GPU4GST_DBLP,medium,P2_cross_g,198,16,13467.25,9.508090342627247,7,78954,3,2,9,07fa0b7e92dd73bf9ecd6938c783ea39d057329d46e71e76b65d7ac0524c785a
DBLP-GPU4GST,GPU4GST_DBLP,medium,P2_cross_g,270,16,2649.75,7.8825978978059075,27,11237,1,2,10,0141c44a5b7d257baeeff97cc832b203a7d3b753786dc260375cf7ce060a6f16
Orkut-GPU4GST,GPU4GST_Orkut,large,P2_cross_g,22,5,411.4,6.021993752142805,56,929,3,1,1,01047f1918844bc6c4b92e96962188b39797b80a1b74cfdf6303edbda413dc6b
Orkut-GPU4GST,GPU4GST_Orkut,large,P2_cross_g,229,5,182.6,5.21275947818639,84,442,1,1,2,0116b9be23549bc2d3e6d23ff4cc62d46df8be75691c103ec40ddd0d6828b645
Orkut-GPU4GST,GPU4GST_Orkut,large,P2_cross_g,242,5,204.2,5.323985113296614,103,306,2,1,3,01f793f3a9d34412d6bd063c5e682ad4bf604374779dcfe6021e26ade6208963
Orkut-GPU4GST,GPU4GST_Orkut,large,P2_cross_g,250,5,907.8,6.8121250479668864,135,2137,5,1,4,0135fbe42380f18f8739aec56bb9bcd5bdf9d1b385f11542c06b658d0e4e4776
Orkut-GPU4GST,GPU4GST_Orkut,large,P2_cross_g,278,5,571.6,6.350187392664015,94,1545,4,1,5,05fe00e8e82b4ea280c7400a47b339fae1034d83712820f6125b1ab69ebe2930
Orkut-GPU4GST,GPU4GST_Orkut,large,P2_cross_g,4,5,348.6,5.85678964378138,74,895,3,2,6,064d6d2a8f61b56cff6309e2a3d3b8509ad7d796297595ecca451b2ff41b854a
Orkut-GPU4GST,GPU4GST_Orkut,large,P2_cross_g,53,5,194.4,5.275048739608683,66,501,1,2,7,0301ba169f0603f387694118a218bf49640f2dc759b7385e9a4846d4d182928b
Orkut-GPU4GST,GPU4GST_Orkut,large,P2_cross_g,89,5,719.0,6.579251212010101,127,1612,5,2,8,0341a1164dcf24b070e3cd1c1becf1e1e788c7a320642ef4798a11e54198b324
Orkut-GPU4GST,GPU4GST_Orkut,large,P2_cross_g,162,5,492.0,6.20050917404269,62,860,4,2,9,0c08abbd6f1dfcc5f3e367d61ca2fd4e21f576c42b36653a120c6c247d5be02d
Orkut-GPU4GST,GPU4GST_Orkut,large,P2_cross_g,168,5,202.2,5.314190715704327,65,369,2,2,10,040ea1a463b81ac1182347be0c2d8b750a7b149f8c80cb67d8410137e199bd69
Orkut-GPU4GST,GPU4GST_Orkut,large,P2_cross_g,92,6,565.6666666666666,6.339771241376198,71,1382,4,1,1,02eb94fbd40610a845fc52371cf36f85d6b3e932999cce3fe3d95e9337a1b35d
Orkut-GPU4GST,GPU4GST_Orkut,large,P2_cross_g,154,6,362.0,5.8944028342648505,131,1239,2,1,2,004db5a3800be9d07c464777f2e9088780f3af503982d3abb4474ed3db2b3828
Orkut-GPU4GST,GPU4GST_Orkut,large,P2_cross_g,193,6,1672.0,7.422373700986824,86,4174,5,1,3,01c95da9214feba4527e41a035b9b4a75c1fb556b9aa7490069b153ef72ec753
Orkut-GPU4GST,GPU4GST_Orkut,large,P2_cross_g,226,6,470.8333333333333,6.156625815883845,98,1507,3,1,4,01297a4984145125e55afe98646ee1c03fefb08f37ab4c61a29ee397b5e00f61
Orkut-GPU4GST,GPU4GST_Orkut,large,P2_cross_g,290,6,43.0,3.784189633918261,41,52,1,1,5,0025ef062f87d762eaacd0722c03500b7cc53fe0169368b648b0ea60bd102934
Orkut-GPU4GST,GPU4GST_Orkut,large,P2_cross_g,73,6,382.6666666666667,5.949774120053773,126,1152,3,2,6,04c98c59813471fec477897ed6968de91a92bdb32b681b5e7eb8935a64523152
Orkut-GPU4GST,GPU4GST_Orkut,large,P2_cross_g,183,6,747.8333333333334,6.6185164398421055,45,1825,5,2,7,0a9e9640161d7d2fb502e54f42bee6f3ca405dd7a9805353585053df4593e15c
Orkut-GPU4GST,GPU4GST_Orkut,large,P2_cross_g,230,6,233.0,5.455321115357702,74,396,1,2,8,0209f2631ca1ac34552fa288ccea432632b9b1789dedf9dbc9efa5317c325913
Orkut-GPU4GST,GPU4GST_Orkut,large,P2_cross_g,283,6,501.6666666666667,6.219927259899792,101,1004,4,2,9,04e5fb6ee3bfb1f54522e6a8166a812ce00232ec02594401444bbb12088cca73
Orkut-GPU4GST,GPU4GST_Orkut,large,P2_cross_g,298,6,319.3333333333333,5.7693621203021825,61,985,2,2,10,08d2abe085df37087540bc932e6981f9789bdeeec8890f60af1dcae56b96dab5
Orkut-GPU4GST,GPU4GST_Orkut,large,P2_cross_g,75,7,738.0,6.6052979209482015,53,4249,5,1,1,07ef56d655ace761bc6fb4aa7cadd487182a524313ceeb18f3aef8843181c72c
Orkut-GPU4GST,GPU4GST_Orkut,large,P2_cross_g,135,7,290.85714285714283,5.676264445762309,164,481,2,1,2,00f66cb5ec688b908c35fba5d174eea48be745b15e4a7cfe4eee7b16d2b862f9
Orkut-GPU4GST,GPU4GST_Orkut,large,P2_cross_g,164,7,541.5714285714286,6.296319742316918,63,2137,4,1,3,00c4716dcb34f004bbe2b884d4142d348c8ec40940cce0010a99c6911d2e0372
Orkut-GPU4GST,GPU4GST_Orkut,large,P2_cross_g,168,7,407.85714285714283,6.013365811061083,81,1428,3,1,4,00b927346104f7592ec89e9dc2eb21d86ddf34e07fb5b7a194cc5f924f042c41
Orkut-GPU4GST,GPU4GST_Orkut,large,P2_cross_g,227,7,256.57142857142856,5.551297074148004,70,1094,1,1,5,04b7652de043111d82be51114d95f9a8b7ae8b2c2351cecbdb21e81afd67f732
Orkut-GPU4GST,GPU4GST_Orkut,large,P2_cross_g,34,7,72.85714285714286,4.302132725453116,52,139,1,2,6,06f14aa99c9f5ce885788cccb8bdc9b7201c9564fab4b76d82f742c87c8cb12a
Orkut-GPU4GST,GPU4GST_Orkut,large,P2_cross_g,40,7,337.14285714285717,5.82346846045867,68,1507,2,2,7,01190259e67809708d7e97041e5cf33166cdc2647e261b390330f82ccfdbe64a
Orkut-GPU4GST,GPU4GST_Orkut,large,P2_cross_g,48,7,652.7142857142857,6.4826703840043205,75,1670,5,2,8,10b1e547db4967a6b4eb3a3485962f33f83159bb6ac30cf493ec4e5bc6be440c
Orkut-GPU4GST,GPU4GST_Orkut,large,P2_cross_g,165,7,505.7142857142857,6.227947305718309,63,1342,4,2,9,012e5b75eb115d994aa69ab91b3c37998d3f43bcb31201799757a05857eb6aae
Orkut-GPU4GST,GPU4GST_Orkut,large,P2_cross_g,237,7,459.2857142857143,6.131847414681606,55,930,3,2,10,019e73ed6b8b3f8466cce7671e365b3b248f565666e4617851f1814236a0bd83
Orkut-GPU4GST,GPU4GST_Orkut,large,P2_cross_g,22,8,693.0,6.542471960506805,56,3433,4,1,1,06065eef354881ad2e737cb5b1a97ea49a97aa43294d70eb9858d743ce864fee
Orkut-GPU4GST,GPU4GST_Orkut,large,P2_cross_g,48,8,305.375,5.724809841848277,64,709,2,1,2,0510b4af65bed50f378fe9559733a2fb7ca210685bf80297979a9395bbe2bad8
Orkut-GPU4GST,GPU4GST_Orkut,large,P2_cross_g,179,8,1278.75,7.154420025337693,50,4632,5,1,3,021a340ced0cf8103a7b694634d65159d93c50de7ab2eb2759b50a90de53d616
Orkut-GPU4GST,GPU4GST_Orkut,large,P2_cross_g,210,8,427.625,6.060582410783084,4,1158,3,1,4,01a18669666f73740307094c9f74ef18723bd3b97525544bc8676ae0c11e3c8e
Orkut-GPU4GST,GPU4GST_Orkut,large,P2_cross_g,246,8,73.75,4.314149212270796,60,92,1,1,5,022a954fa7aa34c3f6abf609b11ead1304e8caaf0a7488cdde8167e708ab7211
Orkut-GPU4GST,GPU4GST_Orkut,large,P2_cross_g,36,8,422.875,6.049438600445803,46,748,3,2,6,09d77036cc6c36076dbc8b98f9c8d08929d79fc4e5f1881a22fbe1ab31b3826c
Orkut-GPU4GST,GPU4GST_Orkut,large,P2_cross_g,79,8,691.75,6.540669183743088,126,3145,4,2,7,06970243065e19b2c4733a634976bf647ba5399582c146241c40ad2d33572b9f
Orkut-GPU4GST,GPU4GST_Orkut,large,P2_cross_g,96,8,277.0,5.627621113690637,69,924,1,2,8,0b9c75c5e8afa3b618bb0c105ee1ca2fe5b821b5718d5858fabea5637837ea56
Orkut-GPU4GST,GPU4GST_Orkut,large,P2_cross_g,173,8,381.5,5.94672865326659,67,1656,2,2,9,0ae19000be7c580f78cbd6d14951247342b4f3fb420b30697790bde07a532299
Orkut-GPU4GST,GPU4GST_Orkut,large,P2_cross_g,224,8,1215.625,7.103835910746658,58,3249,5,2,10,03e83413e4345dda9b3c06d6b4a74ea08726eb2688d75982161dc8c48f94144b
Orkut-GPU4GST,GPU4GST_Orkut,large,P2_cross_g,120,9,939.2222222222222,6.846116253943793,86,4632,5,1,1,0bb68708002c1e1dd81da8c166b54c585b99b550ff997ac654b42ede6be99900
Orkut-GPU4GST,GPU4GST_Orkut,large,P2_cross_g,134,9,409.77777777777777,6.018052381600413,50,994,3,1,2,001a74a3f471f311546a39a41cf30d31a703e352f8b8f7571e036ac45ce0854e
Orkut-GPU4GST,GPU4GST_Orkut,large,P2_cross_g,146,9,725.5555555555555,6.588314950225056,50,3145,4,1,3,0854a69a5573e95840fe0f8f5176f6a86eb3d35cf1a14553666996ec7d619e64
Orkut-GPU4GST,GPU4GST_Orkut,large,P2_cross_g,169,9,350.6666666666667,5.862683757242057,57,1745,2,1,4,02e37d38ad38b255f7009102dda87852f2f87bfd885e3ccf4420ddd4eb5d393e
Orkut-GPU4GST,GPU4GST_Orkut,large,P2_cross_g,250,9,127.22222222222223,4.853764869731825,53,337,1,1,5,05da281a6c101b43fff148721b5241969d341d794818f218211b652aae56e9f7
Orkut-GPU4GST,GPU4GST_Orkut,large,P2_cross_g,63,9,740.1111111111111,6.60815056157345,48,4632,5,2,6,0d36fbba4bac71ae825209d23b47582e80451a4d1d494f446e990e06c2167ef2
Orkut-GPU4GST,GPU4GST_Orkut,large,P2_cross_g,196,9,522.7777777777778,6.261067506159857,110,1014,4,2,7,08d300d63fa9c846010735a515a8cb2759f3b79ef04695e6c348c4e1b3d0c2da
Orkut-GPU4GST,GPU4GST_Orkut,large,P2_cross_g,223,9,453.77777777777777,6.119808899156183,63,1019,3,2,8,051730ba2f4cb5da202a2fa90194fbb5969ffaa8f7684d7f81b3cd45620a19de
Orkut-GPU4GST,GPU4GST_Orkut,large,P2_cross_g,293,9,226.88888888888889,5.428858180736161,75,1224,1,2,9,08f6181067b9e01afdded980601c6d1b7ba89de1cc881eaf7c453e7e5ab0d559
Orkut-GPU4GST,GPU4GST_Orkut,large,P2_cross_g,296,9,330.0,5.802118375377063,56,1090,2,2,10,04f720505e7bc77c82e738ba4b84e4af2f30a9d4c1c6c622dabbd0903c228c17
Orkut-GPU4GST,GPU4GST_Orkut,large,P2_cross_g,36,10,101.7,4.631812116934513,57,330,1,1,1,0695a1f44d2f8b0739a732606b1865c5606a25ffcd123a46dfd8590c29625b6b
Orkut-GPU4GST,GPU4GST_Orkut,large,P2_cross_g,39,10,326.1,5.790265934544339,48,1149,2,1,2,0126aefa100e1ff3f7972db979b8bf580359b77d5609542e5ddbeaeb8b262e6c
Orkut-GPU4GST,GPU4GST_Orkut,large,P2_cross_g,75,10,459.8,6.132964109381682,80,1318,3,1,3,01b7a94107df717c199d55cf4ceefe8a5281bc17ecce5cad384d67f8496a0645
Orkut-GPU4GST,GPU4GST_Orkut,large,P2_cross_g,157,10,836.5,6.730421263699221,137,2840,5,1,4,002c9615eb48d8d177462ebee6c6b6166bc5fc16ae521da9cf9cea7576b71e68
Orkut-GPU4GST,GPU4GST_Orkut,large,P2_cross_g,203,10,529.4,6.273631438871653,135,1466,4,1,5,01cd5ddf7474cb97a5f24a3fa16870310085dee7ad40e7daa9e1470c40b1af25
Orkut-GPU4GST,GPU4GST_Orkut,large,P2_cross_g,14,10,380.3,5.943586466863518,67,1224,2,2,6,0507b75a8718b4976be68d951a2b8416a677d3fd3e4487bfa5292aea4cb1fc1c
Orkut-GPU4GST,GPU4GST_Orkut,large,P2_cross_g,32,10,885.2,6.786942658765389,91,4785,5,2,7,0034680ecccee3a8c002a4df4b7b74e5ae9c5ee061f2c415c9044e19744dd081
Orkut-GPU4GST,GPU4GST_Orkut,large,P2_cross_g,109,10,195.3,5.279644101282416,64,396,1,2,8,07282955d8854646d2ba46db8cd82b8eab752dae96eaeaa877119616d2747a05
Orkut-GPU4GST,GPU4GST_Orkut,large,P2_cross_g,115,10,425.4,6.0553778728516345,74,1455,3,2,9,02bbc42c9a3c4ac44aaed4151ba4ad9f76fa2d7d55fd3b0108f6b80750a9d599
Orkut-GPU4GST,GPU4GST_Orkut,large,P2_cross_g,128,10,530.3,6.275326833456898,172,907,4,2,10,02749096c512abf804e3280693b67dd2708b177bef0822da7d4c1046c221d0b1
Orkut-GPU4GST,GPU4GST_Orkut,large,P2_cross_g,59,11,772.8181818181819,6.651336938783055,55,4174,5,1,1,05efbe3599bd3b27d417d8e3745530429477bb2ac64e1a3dd9b054ea8a41376c
Orkut-GPU4GST,GPU4GST_Orkut,large,P2_cross_g,95,11,495.09090909090907,6.206759194387861,51,1639,3,1,2,00a42befdf2bc3d78de55947ab64b57e9da03dc90c8324b55d01ab103a33833b
Orkut-GPU4GST,GPU4GST_Orkut,large,P2_cross_g,254,11,179.72727272727272,5.196989114418149,60,1004,1,1,3,0371fa304710614370aaa825af2cb4dbbabb85f821ea680ffec133e3e46187a5
Orkut-GPU4GST,GPU4GST_Orkut,large,P2_cross_g,256,11,341.90909090909093,5.837465370954978,115,878,2,1,4,050707152b1a0c607ca5c21e87d04d0b237ed016311d9ee43889d8acbedcbf25
Orkut-GPU4GST,GPU4GST_Orkut,large,P2_cross_g,292,11,724.7272727272727,6.587174286847429,66,3433,4,1,5,001701650655e2bc4d6ee3be4de5f783c5bb1399073e5104f79891293e2134a2
Orkut-GPU4GST,GPU4GST_Orkut,large,P2_cross_g,5,11,691.9090909090909,6.5408988086354345,107,1455,4,2,6,03184be988acd21792cad29b12f05f029b3934cfb7eac0894a9ecd21c6e9262d
Orkut-GPU4GST,GPU4GST_Orkut,large,P2_cross_g,20,11,365.3636363636364,5.903626382142358,97,1409,2,2,7,05df83dc904462e7ae5287fab46f45bae638a6d7980195d934083960bf36e7ba
Orkut-GPU4GST,GPU4GST_Orkut,large,P2_cross_g,237,11,805.1818181818181,6.692309297937832,49,4632,5,2,8,09347a46509296227865d02493aac9455157e258dff7678db2995f9862b9768b
Orkut-GPU4GST,GPU4GST_Orkut,large,P2_cross_g,272,11,220.27272727272728,5.3993960007491015,57,632,1,2,9,07db21fec5ef21fb783148cb44ce734cc683df84efa1ed82ee9d8e3494991a33
Orkut-GPU4GST,GPU4GST_Orkut,large,P2_cross_g,276,11,496.6363636363636,6.209869616802254,152,989,3,2,10,00c8346b38548b66836bbcbef4c8d88651c6ac6583d07294f8bef7fb1875cae7
Orkut-GPU4GST,GPU4GST_Orkut,large,P2_cross_g,46,12,392.9166666666667,5.976139381005236,83,1656,2,1,1,04923930013cf0d45c035511f6c0f21b64636c452ab358ee161b3628629dfad1
Orkut-GPU4GST,GPU4GST_Orkut,large,P2_cross_g,122,12,433.5833333333333,6.074387717646872,75,1466,3,1,2,00aacc1ddce3547e067fe46d4404b2986473952d738d99961fb6a6be58414723
Orkut-GPU4GST,GPU4GST_Orkut,large,P2_cross_g,166,12,632.4166666666666,6.45112844677804,68,1649,4,1,3,0667b7ca83c0208155041e640e582dd8fb61295d102d638c0dacd83a02392352
Orkut-GPU4GST,GPU4GST_Orkut,large,P2_cross_g,207,12,1214.5833333333333,7.102979350298213,140,4249,5,1,4,049673745c4ea2c088657bf3af618b573e5eae84f18a7f0dd7c442aecd8f12eb
Orkut-GPU4GST,GPU4GST_Orkut,large,P2_cross_g,284,12,236.33333333333334,5.469465622743866,72,1370,1,1,5,0073b3ebd13aba2f7b52780890f90f71dec5d5a53fa9778d2bc306a3632df7fb
Orkut-GPU4GST,GPU4GST_Orkut,large,P2_cross_g,70,12,151.5,5.0271645960474665,52,419,1,2,6,05587f02ba338f43aba9578e1b013016e64e648a00341d26dcac0eb3aa889494
Orkut-GPU4GST,GPU4GST_Orkut,large,P2_cross_g,116,12,399.0,5.991464547107982,69,2026,3,2,7,017f1877f7e70c4ac1b240625eeeddddd7d918fbfac34e34fb8ea3ac5882e707
Orkut-GPU4GST,GPU4GST_Orkut,large,P2_cross_g,119,12,1068.6666666666667,6.9751023524417475,64,4249,5,2,8,04d7918eb541a3f3eb2474ce47c33df14a64ce3711d89ec4c53fb21b2581e4cc
Orkut-GPU4GST,GPU4GST_Orkut,large,P2_cross_g,174,12,369.25,5.914178453147908,86,811,2,2,9,05251118ec27b78b151a575dc239c36483254a84e0f464958bfb40159c363321
Orkut-GPU4GST,GPU4GST_Orkut,large,P2_cross_g,286,12,545.5,6.3035343076165935,112,995,4,2,10,073ecb1b03e2df3c3d57a545ffa87a446a943e9afffea9384fb6bd8211cb09cd
Orkut-GPU4GST,GPU4GST_Orkut,large,P2_cross_g,79,13,530.0,6.274762021241939,86,2026,4,1,1,058c8d0ae251c54f680973721113ccfe2bb303104d0517ec352f3fe0f92295d4
Orkut-GPU4GST,GPU4GST_Orkut,large,P2_cross_g,201,13,680.4615384615385,6.524239812950496,102,3249,5,1,2,018adb9ec98f3373b9989baa368f055e6754e852d3c77a95197b2571adee7fa1
Orkut-GPU4GST,GPU4GST_Orkut,large,P2_cross_g,235,13,492.7692307692308,6.202068263850242,53,2114,3,1,3,09898f6225e436dc192de870c73edc18efbed007e7534748a0c4784feaef22e1
Orkut-GPU4GST,GPU4GST_Orkut,large,P2_cross_g,237,13,141.53846153846155,4.959611868823823,52,549,1,1,4,071ed3d2174ce3ab9dd89a4061b7387bad30350d39bcd90cd665f7f3e1e26dee
Orkut-GPU4GST,GPU4GST_Orkut,large,P2_cross_g,292,13,363.0,5.8971538676367405,49,1370,2,1,5,022c352e31bbc933009c002908baf7c4a4c7f9500111bdc869b5dd4d8c055426
Orkut-GPU4GST,GPU4GST_Orkut,large,P2_cross_g,31,13,521.6153846153846,6.2588457912589925,60,3433,4,2,6,0b06dee7095ac85887659ba91954e8d23909daa74232a814985d100e07f5ce9e
Orkut-GPU4GST,GPU4GST_Orkut,large,P2_cross_g,37,13,703.9230769230769,6.55808868611185,163,3145,5,2,7,08106d61b9792ae5e6e9ae2e59dfcf60914fe9b5d3774448922391bdc827eebf
Orkut-GPU4GST,GPU4GST_Orkut,large,P2_cross_g,102,13,285.15384615384613,5.656529589805656,62,941,1,2,8,0b6b299a1f8d503d7ab0fa05febabcba33f896a2557c761c64ade83a5043b247
Orkut-GPU4GST,GPU4GST_Orkut,large,P2_cross_g,105,13,368.0769230769231,5.911005085938103,59,1099,2,2,9,022ca4205d2a6578039c84cb32df3b1fa03badeae02336adce4b4d5a98b32c78
Orkut-GPU4GST,GPU4GST_Orkut,large,P2_cross_g,181,13,417.9230769230769,6.037687315772168,59,1745,3,2,10,0bb5e67b9aef515828e95b5279e8fcf39bc32d38aeab8edb2eca61fc275cf42c
Orkut-GPU4GST,GPU4GST_Orkut,large,P2_cross_g,127,14,826.0,6.717804695023691,58,4632,5,1,1,060dbe941cc28999693c1a86fdf984a269b0823bcee35c469e4516e23b8660a8
Orkut-GPU4GST,GPU4GST_Orkut,large,P2_cross_g,205,14,235.78571428571428,5.467155573004704,52,848,1,1,2,0484062fb5bf12bc56cbf25196a12264bae9c96b019423a7dbb80d69cfa61300
Orkut-GPU4GST,GPU4GST_Orkut,large,P2_cross_g,255,14,444.14285714285717,6.0983952579353256,70,1745,3,1,3,018ad24f7fe837297993f4441842ddb452c63b0e30eab835c631c8e378b7adfe
Orkut-GPU4GST,GPU4GST_Orkut,large,P2_cross_g,283,14,382.42857142857144,5.949153349036259,96,1382,2,1,4,0379db93a49fdfc7b80f996f6bcea40ffbf8423c4373b448cc00716ea7f39e25
Orkut-GPU4GST,GPU4GST_Orkut,large,P2_cross_g,287,14,609.7142857142857,6.414629232315547,68,1930,4,1,5,053aa5e027cf94786e176f43d07bb8f3da7c8192b31b229afceb061762316087
Orkut-GPU4GST,GPU4GST_Orkut,large,P2_cross_g,21,14,306.2857142857143,5.727777980212417,111,1165,1,2,6,07fb24f03f801b85262c5e48a72c9009d900790bf2a1cdb10317cc93df88943c
Orkut-GPU4GST,GPU4GST_Orkut,large,P2_cross_g,56,14,370.7142857142857,5.918125510017138,69,1382,2,2,7,058222002d4f819019a18a95cea411dfada57d6672a4554cb44ed15c5015ec3e
Orkut-GPU4GST,GPU4GST_Orkut,large,P2_cross_g,109,14,525.2142857142857,6.265708517067555,98,1412,3,2,8,036d8acc1fa0abbb1114b04a3ba9aa3a825eeac21e6238e59229286f4657a5a9
Orkut-GPU4GST,GPU4GST_Orkut,large,P2_cross_g,240,14,797.0714285714286,6.682198102932079,103,4174,5,2,9,07eee15b4c00cf603e490947830556f60fb5ebfb1009f1872c18f3959839eaf0
Orkut-GPU4GST,GPU4GST_Orkut,large,P2_cross_g,275,14,548.9285714285714,6.309788399662791,64,2119,4,2,10,0753fd0dd7c666a7d10d7790cfc6aa63c9867497416993507e1d40b14590814f
Orkut-GPU4GST,GPU4GST_Orkut,large,P2_cross_g,7,15,430.06666666666666,6.066262757183169,59,1507,3,1,1,08152149ae8b62801cbe5dfaf44cfa148a463f2a0a2578fbb93e5cbf8b923d74
Orkut-GPU4GST,GPU4GST_Orkut,large,P2_cross_g,16,15,980.7333333333333,6.889319716826452,124,4632,5,1,2,0076b4077e1ceb7f03a28dfc21ed105c75e1e8228fdc0b5fe6edc1b7aff3e9ba
Orkut-GPU4GST,GPU4GST_Orkut,large,P2_cross_g,30,15,587.0,6.376726947898627,50,2137,4,1,3,02688af7fd2c1f02e96b6e2f6e2fb367b914378000d8bd1a4c6f3fc7392f41d0
Orkut-GPU4GST,GPU4GST_Orkut,large,P2_cross_g,51,15,249.73333333333332,5.524389957368126,55,592,1,1,4,00771fd67c47bdf99c292821c0f4289e6494a069f314dcc9f8e467b78065a2de
Orkut-GPU4GST,GPU4GST_Orkut,large,P2_cross_g,109,15,343.06666666666666,5.840835437046517,50,2208,2,1,5,07b847edeb6f9b02fe249a13996045d78b05bdcc68dc5488d7426e1c86871f35
Orkut-GPU4GST,GPU4GST_Orkut,large,P2_cross_g,189,15,338.8666666666667,5.82855338383385,54,1083,2,2,6,17be757c4f0bc64ec08fce52ada1290ac60cf08ca399b60d4bd49e168e339ccf
Orkut-GPU4GST,GPU4GST_Orkut,large,P2_cross_g,242,15,662.6666666666666,6.497780015396087,69,4785,4,2,7,05f8ef2d908003a1a479ff0a719840116bce18804a8a0034e36b81d5e5ee6546
Orkut-GPU4GST,GPU4GST_Orkut,large,P2_cross_g,257,15,464.4,6.142897250868192,93,1252,3,2,8,0f751cff46923b2deb81528a16f063c9d0208e1887b4624a72ed09e9d866e1c7
Orkut-GPU4GST,GPU4GST_Orkut,large,P2_cross_g,260,15,685.0666666666667,6.530974804733882,83,2987,5,2,9,056ee661a4b167da72ffd2eee7c2f18c1d4165316507ebf4b86aead43a291e5e
Orkut-GPU4GST,GPU4GST_Orkut,large,P2_cross_g,288,15,309.8,5.739149618493492,56,793,1,2,10,18675e509669baca005ea573157290bc9fb2af0bf6dd77b394dd45efb3cdfd2b
Orkut-GPU4GST,GPU4GST_Orkut,large,P2_cross_g,48,16,712.4375,6.570094836724115,90,3433,5,1,1,02763cb1c1382f97f1d869c9847c2c9b6c759dfa86e7595bbd2d85e8ee8893b8
Orkut-GPU4GST,GPU4GST_Orkut,large,P2_cross_g,125,16,337.5625,5.824708713418118,58,615,2,1,2,079012317ce41b14ca37458b2b3d3350aa59344f6ec6990be6c1c04a0cda9e5e
Orkut-GPU4GST,GPU4GST_Orkut,large,P2_cross_g,202,16,502.875,6.22232822143733,53,3249,3,1,3,05a54b6afc113db3d44efa88a033deb66ffbca3e7988fa4bdf2267f4a57a970e
Orkut-GPU4GST,GPU4GST_Orkut,large,P2_cross_g,219,16,633.875,6.453428129121409,49,2208,4,1,4,01d579066acc1f63b5c92f5899c0fca019259934826cca0a1d02fcd9ac3a6603
Orkut-GPU4GST,GPU4GST_Orkut,large,P2_cross_g,224,16,295.8125,5.693100626309341,53,924,1,1,5,077ad950e531e98c4e267c182ebd2dcf36ae462506461c42a25ff53f6d3cb9b2
Orkut-GPU4GST,GPU4GST_Orkut,large,P2_cross_g,13,16,487.375,6.191083553375234,72,1886,3,2,6,0b7474411e061e3af5e16de739cd1a594ca14a0ad3d2feed979a649963e0ad1f
Orkut-GPU4GST,GPU4GST_Orkut,large,P2_cross_g,105,16,756.125,6.629528365301112,141,2643,5,2,7,06284a04c55d9c04b7ccdccb356fb3b0819ce5e7b578a75255d11705bc6bf221
Orkut-GPU4GST,GPU4GST_Orkut,large,P2_cross_g,163,16,140.8125,4.954505762540061,52,1004,1,2,8,0a1ce7488112bd57c39c5abe449fcceb67bb0ba0ea4550dde57dcf260de5008a
Orkut-GPU4GST,GPU4GST_Orkut,large,P2_cross_g,190,16,518.125,6.252144701950917,51,1430,4,2,9,0bdfe2b27690e499e6c84b7b812a55abfbd534db9076a6e4bfc9685453787b10
Orkut-GPU4GST,GPU4GST_Orkut,large,P2_cross_g,263,16,363.125,5.897497215279599,65,773,2,2,10,0854dc50d42233bfe5165987edbc8aeeb4ac0a59ac8dcfd5a1710512c9c9976c
Reddit-GPU4GST,GPU4GST_Reddit,large,P2_cross_g,9,5,47.8,3.8877303128591016,11,88,4,1,1,00c687b7f6a6d84e03e7bad2201e32b0219a3e17abbbacae95fff992941858b2
Reddit-GPU4GST,GPU4GST_Reddit,large,P2_cross_g,31,5,30.4,3.4468078929142076,2,67,3,1,2,026a2c8fe23a4312c3fb46568d7ae88bab7556e8f303a8856e3f3605396382cd
Reddit-GPU4GST,GPU4GST_Reddit,large,P2_cross_g,254,5,645.0,6.470799503782602,2,1849,5,1,3,070ab0da53bd6a9d701fcfe19e8ff88bfc14fa2f7dbb4b17c7845ae3a61f9561
Reddit-GPU4GST,GPU4GST_Reddit,large,P2_cross_g,274,5,16.4,2.856470206220483,2,56,2,1,4,00325ea08d475bf1dd11f1f6fc44ab9b1b7f1d2833f49ecc6e7671ee5a881696
Reddit-GPU4GST,GPU4GST_Reddit,large,P2_cross_g,282,5,5.2,1.8245492920510458,3,10,1,1,5,09758e768207b8522f6f5515476630db3fd2ec44ac422ef9734d05c399916943
Reddit-GPU4GST,GPU4GST_Reddit,large,P2_cross_g,17,5,16.4,2.856470206220483,2,66,2,2,6,013650519583290027de012bdfed01aebcba2ad392e0e02a18b9490a1aed27a5
Reddit-GPU4GST,GPU4GST_Reddit,large,P2_cross_g,101,5,4.6,1.7227665977411035,2,6,1,2,7,0d00d52f08b66fc669c896e7a5594c406f056b0b8fd703d5468b4cd1fb86a9f7
Reddit-GPU4GST,GPU4GST_Reddit,large,P2_cross_g,173,5,149.8,5.015954455573856,5,467,4,2,8,0c6b997f8db7e29a9c3e3bc01f89d71ed0fa015a876101f8f38b09bc37e35916
Reddit-GPU4GST,GPU4GST_Reddit,large,P2_cross_g,221,5,31.4,3.4781584227982836,4,73,3,2,9,039f63d52ff5d82aa9a84d8b99a4dcaf9dd687221593d95a1f0af2965d071f01
Reddit-GPU4GST,GPU4GST_Reddit,large,P2_cross_g,273,5,415.4,6.031646336740814,21,1216,5,2,10,14401d2a623601f1d52d76abf29889a74f24ef7751c141fd961b8b4699f0a088
Reddit-GPU4GST,GPU4GST_Reddit,large,P2_cross_g,86,6,99.83333333333333,4.613468988802786,16,284,4,1,1,01e4903f32840147d9b4f6e6aada7c21e41e0e319ab8cb1812ce4302655c970c
Reddit-GPU4GST,GPU4GST_Reddit,large,P2_cross_g,185,6,45.833333333333336,3.846595200105691,4,167,3,1,2,004593431fce4855e545a6b19b8eae0889da80faa459af9ea6ab830da9639d97
Reddit-GPU4GST,GPU4GST_Reddit,large,P2_cross_g,284,6,13.833333333333334,2.6968769005040847,2,44,2,1,3,025b598c4574dc00fe8ec98661ecfb2ca002a1bbd7125804600333c8152d9985
Reddit-GPU4GST,GPU4GST_Reddit,large,P2_cross_g,286,6,3336.8333333333335,8.113077172877368,2,19948,5,1,4,07ad3ba6c7c03749290d285b56f40652e84046df7d7b14bae0ea2178ad064ca0
Reddit-GPU4GST,GPU4GST_Reddit,large,P2_cross_g,299,6,5.833333333333333,1.9218125974762528,2,10,1,1,5,0cf083cac3f61e83e6b17bdc1a7a8c13090c9888f00fefd658ab00d089120826
Reddit-GPU4GST,GPU4GST_Reddit,large,P2_cross_g,58,6,10.0,2.3978952727983707,4,38,1,2,6,11727941d7b886000605e6e4fb9bbd1562975bd7af48e2430a78addfe30e3054
Reddit-GPU4GST,GPU4GST_Reddit,large,P2_cross_g,87,6,15.833333333333334,2.8233610476132043,4,53,2,2,7,055ed1ec0d962a291eacbd7c55c5daead2939c47e8c00fa405a13bd7e9a49105
Reddit-GPU4GST,GPU4GST_Reddit,large,P2_cross_g,104,6,27.666666666666668,3.355735007585398,3,91,3,2,8,02aaaa68c9cf3796da502c6cbe5c9ca837c730693458f2820a011fb14b7d6535
Reddit-GPU4GST,GPU4GST_Reddit,large,P2_cross_g,231,6,761.0,6.635946555686647,2,4492,5,2,9,106cc12e001d8c92cc0894cf5a1d0ea77677c8cee7a7b8a05504bae44f649c89
Reddit-GPU4GST,GPU4GST_Reddit,large,P2_cross_g,252,6,85.5,4.460144413937834,2,493,4,2,10,0b15bbb4e619a86d502c0b0c32287a0dde70731845cd67ec3bb72a207ff9b7d9
Reddit-GPU4GST,GPU4GST_Reddit,large,P2_cross_g,39,7,273.85714285714283,5.616251482170338,3,1583,5,1,1,014511956e7500d9e4c946dd8e8f657b153277b655bfbf3d068187c8f05e373c
Reddit-GPU4GST,GPU4GST_Reddit,large,P2_cross_g,132,7,9.428571428571429,2.344549292093078,4,18,1,1,2,04d064783c0aaad8169d99375ffad71ea2d3c4a165284a21c047aa7dd812af0b
Reddit-GPU4GST,GPU4GST_Reddit,large,P2_cross_g,233,7,20.285714285714285,3.0580361568901457,4,60,2,1,3,06a5ec8978dd3e8ea25a00de22a14c3a9c32dc12f5008957bf1d3bad7de57247
Reddit-GPU4GST,GPU4GST_Reddit,large,P2_cross_g,283,7,43.42857142857143,3.793882763123921,2,242,3,1,4,02afc22ada94d535a99c2cb7c59b32443eb1a3ebe030eb9f5b02400b1a53e752
Reddit-GPU4GST,GPU4GST_Reddit,large,P2_cross_g,294,7,61.57142857142857,4.136308761321133,2,284,4,1,5,06d5ba84e9110822d318bcab4202fecbd81be6e20069eed23444b35ad477421d
Reddit-GPU4GST,GPU4GST_Reddit,large,P2_cross_g,8,7,30.571428571428573,3.4522525524624394,2,118,3,2,6,030d8c2f042740ff2bbfafb022bee0824bd97a63393ac073a59610e0f59d2c8b
Reddit-GPU4GST,GPU4GST_Reddit,large,P2_cross_g,126,7,1371.7142857142858,7.224545289221955,6,4751,5,2,7,05060ff74ffabdf8d4caffd36238872c3e5a0794324d3d31b0ae47fb47e19c2e
Reddit-GPU4GST,GPU4GST_Reddit,large,P2_cross_g,129,7,18.428571428571427,2.9667447366807385,2,61,2,2,8,0ad640a5e00c3978d764f3db8ccedfe0de421b72a7e2f7fd7202bffa1ec212c8
Reddit-GPU4GST,GPU4GST_Reddit,large,P2_cross_g,234,7,12.142857142857142,2.575878427993727,2,42,1,2,9,147d8a24f53e3451640e7a5ea0174adbe5a3b7aa735ff7e15b3cecf7154acfe2
Reddit-GPU4GST,GPU4GST_Reddit,large,P2_cross_g,280,7,89.71428571428571,4.507714849837378,2,366,4,2,10,09f33b6e6ed0a40a3c3bf5d515986957e22a0fd16e268ed119557ff4050bae69
Reddit-GPU4GST,GPU4GST_Reddit,large,P2_cross_g,27,8,18.875,2.9894626605403958,2,96,2,1,1,01cefe8918bf5840480ee5c3f162426135886c71d900a56980bbca3bcf82bd96
Reddit-GPU4GST,GPU4GST_Reddit,large,P2_cross_g,56,8,51.75,3.965563772356176,11,221,3,1,2,0091a9dc094fce8d193171da1faf529f4ee25ff237694aa14b715a1cdeb7d601
Reddit-GPU4GST,GPU4GST_Reddit,large,P2_cross_g,88,8,10.0,2.3978952727983707,3,39,1,1,3,033d2f8de1b2a189397f8e2071b81902173bf836725a3d3d87d100b1a2c55a9e
Reddit-GPU4GST,GPU4GST_Reddit,large,P2_cross_g,91,8,90.125,4.512232190328822,3,630,4,1,4,098d433b58140632cea3d9994f434c331a38c07aeadfa879bfb0d67b349ba6fd
Reddit-GPU4GST,GPU4GST_Reddit,large,P2_cross_g,107,8,481.875,6.179757820986445,2,3727,5,1,5,03c763301f3c6b525aa1a061beca0dfd1f1875181081b7fe8e3e72b5f5364fb5
Reddit-GPU4GST,GPU4GST_Reddit,large,P2_cross_g,40,8,12.625,2.6119063405493077,4,32,1,2,6,0956fe0d76dac70e03139b551bf57e31824210b9af20e84a428c787ed474ae80
Reddit-GPU4GST,GPU4GST_Reddit,large,P2_cross_g,46,8,53.75,4.00277736869661,2,259,3,2,7,00dda96c1c2aea5c39077e7c4bbdadbadd83dc337ef709fd11fa78f25b3efb51
Reddit-GPU4GST,GPU4GST_Reddit,large,P2_cross_g,132,8,198.375,5.295187473539109,2,1299,4,2,8,0b6fbe8475fe65cb41a8bbc1ed4e10777f9bd9366414b8f3fc8c28264d3342f1
Reddit-GPU4GST,GPU4GST_Reddit,large,P2_cross_g,268,8,16.875,2.883403088580071,2,89,2,2,9,0228a2d8200da7bf449727a3c747671675ddf9cc753447d1572010d6f95c9969
Reddit-GPU4GST,GPU4GST_Reddit,large,P2_cross_g,279,8,1782.625,7.486403089250739,3,12638,5,2,10,04d2190f428b942fff0959ee120f6efddec2f9bb5f8387003a61e3d8153ab033
Reddit-GPU4GST,GPU4GST_Reddit,large,P2_cross_g,8,9,1843.4444444444443,7.5199333970084155,2,7919,5,1,1,04ba12fff25c31dda5056ba558901348c6e0e4ab0f8f3f8a57978e3cd8cc3973
Reddit-GPU4GST,GPU4GST_Reddit,large,P2_cross_g,36,9,22.11111111111111,3.1403135023650988,2,114,2,1,2,07d9bcac7fc7443732fc124254628234403526c3a64e73ce0f93fdea26294a80
Reddit-GPU4GST,GPU4GST_Reddit,large,P2_cross_g,63,9,14.11111111111111,2.715430308399833,3,43,1,1,3,003aae50747e3bd48fc2aa99284684494882b3a4f07d843508109736d0675b4a
Reddit-GPU4GST,GPU4GST_Reddit,large,P2_cross_g,100,9,147.66666666666666,5.001706663351954,2,1222,4,1,4,009fc4d64dd1b24780e513b6cddd021406bd44b61d19282b88e06b0533ff8ef5
Reddit-GPU4GST,GPU4GST_Reddit,large,P2_cross_g,257,9,49.44444444444444,3.9208726207051288,5,168,3,1,5,007ade9fe97ef04d9cfd55ce4dedb69f01652cdedafc63b85f25f8b20e487004
Reddit-GPU4GST,GPU4GST_Reddit,large,P2_cross_g,55,9,53.111111111111114,3.9910395457463705,3,355,3,2,6,08139d01efb67ca6ac32c4d76ce23f4c00b7dccbc73b818c624b120afcdcebab
Reddit-GPU4GST,GPU4GST_Reddit,large,P2_cross_g,142,9,77.66666666666667,4.3652195163575005,3,342,4,2,7,028cd3d75d9f15bf3fea55e6fd6d37c3a71454f9ae5d8c7a8430144360da5d47
Reddit-GPU4GST,GPU4GST_Reddit,large,P2_cross_g,170,9,14.11111111111111,2.715430308399833,2,60,1,2,8,0e1d3e1e5b5c080e9239e06785bdab7343eaf3d1a09c006cba92acef4b331695
Reddit-GPU4GST,GPU4GST_Reddit,large,P2_cross_g,235,9,282.0,5.645446897643238,2,2063,5,2,9,0668e8ea3d2f92071bff1a670981b3914eb035ddd5616b0b3b4f5716b705b5ef
Reddit-GPU4GST,GPU4GST_Reddit,large,P2_cross_g,294,9,18.0,2.9444389791664403,2,69,2,2,10,122ad80262b22ab96c99d7a740b2df6d3cda3277fdca0c64c1c0b22f2040e00c
Reddit-GPU4GST,GPU4GST_Reddit,large,P2_cross_g,41,10,6.6,2.028148247292285,2,32,1,1,1,013d49de2a7c3031cc37c20a2b760acfa22beca6afca24aca0a44fcac0bf4019
Reddit-GPU4GST,GPU4GST_Reddit,large,P2_cross_g,72,10,198.9,5.297817241506355,2,1634,5,1,2,011f8ee707da05b76a830ada5e2ebbc1ea3d99e0d68cd6a4151a349226c0b951
Reddit-GPU4GST,GPU4GST_Reddit,large,P2_cross_g,127,10,133.5,4.901564199041894,2,1179,4,1,3,02f8cb1871b12adaceffcd52956b0d81c7c3ca981d85b1d924259d0c571142cb
Reddit-GPU4GST,GPU4GST_Reddit,large,P2_cross_g,198,10,20.6,3.0726933146901194,2,149,2,1,4,02e591c6937c47c1d1a8b6f4c51979e34b81d2b673a3a1372c0fec7beaf3f0ec
Reddit-GPU4GST,GPU4GST_Reddit,large,P2_cross_g,299,10,53.4,3.996364153861897,2,409,3,1,5,000ab88b6f6c4df667560d9809dfc5a49e13d44e180a92965ea0815106374d82
Reddit-GPU4GST,GPU4GST_Reddit,large,P2_cross_g,30,10,464.1,6.142252436230051,5,2158,5,2,6,176221ed2b8e18e732d43814d2acbf70072cae879e4acf7c78b9cee2b33b1a76
Reddit-GPU4GST,GPU4GST_Reddit,large,P2_cross_g,146,10,60.0,4.110873864173311,6,490,3,2,7,0661978f5f060f33e7f669d3ebafcfe38e3faac669dd05f384ac7fb4ca30e7e7
Reddit-GPU4GST,GPU4GST_Reddit,large,P2_cross_g,156,10,132.6,4.894850261102546,3,1088,4,2,8,0c1980b699802fb98569dfb507e5f40a513d17863d59b1c6b212958d9079643d
Reddit-GPU4GST,GPU4GST_Reddit,large,P2_cross_g,228,10,15.0,2.772588722239781,3,54,1,2,9,01e447d99d00714a88035da1ccdbf49f6351db2e8277cdd97f37c79f25780f7a
Reddit-GPU4GST,GPU4GST_Reddit,large,P2_cross_g,236,10,20.4,3.0633909220278057,2,136,2,2,10,079c178860d26010bc3c4039e69d8f0e8badb954e616580cdae287d509c90de8
Reddit-GPU4GST,GPU4GST_Reddit,large,P2_cross_g,73,11,1013.1818181818181,6.921837475949009,3,10912,5,1,1,01083eb76e8903aa6aa3181b2c976baf58a4f520ad730b9ed6bdb43e9fa1b2f2
Reddit-GPU4GST,GPU4GST_Reddit,large,P2_cross_g,93,11,51.81818181818182,3.9668554840535406,2,469,3,1,2,00dc71a020e116289efcf33c3b2734d8d663d7e2d3ceed6f0ce9c735494e5e7c
Reddit-GPU4GST,GPU4GST_Reddit,large,P2_cross_g,213,11,15.727272727272727,2.817040484810615,2,89,1,1,3,014afef60476fa3a4b8392c07f0e0e4bf12c508393f0f4dfb57aeb3564a04b65
Reddit-GPU4GST,GPU4GST_Reddit,large,P2_cross_g,270,11,22.0,3.1354942159291497,2,90,2,1,4,0d1a2990c94a962108390cfb272b1ce2c95d8d051de03ede89545e7306218613
Reddit-GPU4GST,GPU4GST_Reddit,large,P2_cross_g,296,11,128.0909090909091,4.860516877796936,3,503,4,1,5,0642037b94b7ff075ab1a68e8b8c9f8d85aa501e0a3264b0faa468310a03e053
Reddit-GPU4GST,GPU4GST_Reddit,large,P2_cross_g,9,11,8.818181818181818,2.2842359543258492,2,23,1,2,6,01c2f2b2284b861e6d56710f5a07834d6f4a3ec743243e3eb7e6356e15f5e262
Reddit-GPU4GST,GPU4GST_Reddit,large,P2_cross_g,58,11,28.09090909090909,3.3704257229954018,2,77,2,2,7,15014020d8912c0e96c17349baf58b8019684f9f2576363ff30e64d76b6e33f9
Reddit-GPU4GST,GPU4GST_Reddit,large,P2_cross_g,123,11,36.36363636363637,3.620697941697864,2,197,3,2,8,02fd7a9ad2643a9cb1cfc64e99e173342c76dcaa91141b88d93726e364cb7708
Reddit-GPU4GST,GPU4GST_Reddit,large,P2_cross_g,145,11,215.8181818181818,5.379059130524071,2,1267,4,2,9,06c7300f0fa8899ed0b3d8fbf1b0862bcc9e27bc0e78aedacc1247de7c4a5e5a
Reddit-GPU4GST,GPU4GST_Reddit,large,P2_cross_g,210,11,661.8181818181819,6.49650071700806,2,5544,5,2,10,01485a863e71a2527d3c19e3ee69c1f77186ef1818cd75a638df4a2695e09aee
Reddit-GPU4GST,GPU4GST_Reddit,large,P2_cross_g,100,12,18.75,2.9831534913471307,2,65,2,1,1,05918099bd84ae3d6141ca8524faa3611b101869be91f33c9668273721753e7d
Reddit-GPU4GST,GPU4GST_Reddit,large,P2_cross_g,111,12,13.916666666666666,2.7024791560527546,2,37,1,1,2,00c1377ec55a2e385291929120b4d17b6b093905554a6313a3c2048e604316ad
Reddit-GPU4GST,GPU4GST_Reddit,large,P2_cross_g,153,12,43.333333333333336,3.791736839553644,2,278,3,1,3,01861e3dd2528f5c40326d13d7688d8eb79d3f2a3768012e11cf57faf69c1fc0
Reddit-GPU4GST,GPU4GST_Reddit,large,P2_cross_g,200,12,196.58333333333334,5.286160436277405,2,1696,4,1,4,019219524e982f00332e8c5f43abf8bdbe3739e846aa5206d25b4bb2c17df984
Reddit-GPU4GST,GPU4GST_Reddit,large,P2_cross_g,253,12,569.5833333333334,6.346659229333063,3,6453,5,1,5,00628c02370e95c9bc8bb28229b564c057012cb8c3bf3128b2cec1434d5a8217
Reddit-GPU4GST,GPU4GST_Reddit,large,P2_cross_g,69,12,412.9166666666667,6.025664665319351,2,4801,5,2,6,0158cfc503f1e17f7f7ba643ade07295ca44e0eba8045cf781fcef63a4636f0c
Reddit-GPU4GST,GPU4GST_Reddit,large,P2_cross_g,123,12,36.166666666666664,3.615412302232064,2,132,3,2,7,036af135118d88975f79aed03af7115c2a2eba9f8f149815e23506bcd0c0cc8d
Reddit-GPU4GST,GPU4GST_Reddit,large,P2_cross_g,198,12,135.41666666666666,4.915713927583134,4,1211,4,2,8,02f0a90fd62213d5f10f0f48c01711b1092dffdc4c56fca4708c4e21422505fb
Reddit-GPU4GST,GPU4GST_Reddit,large,P2_cross_g,218,12,25.916666666666668,3.292745673434656,2,96,2,2,9,0867f549a0eba58ad375d655a60aff1f37c58e2cd12f6d2710804657bc1a4e88
Reddit-GPU4GST,GPU4GST_Reddit,large,P2_cross_g,252,12,13.333333333333334,2.662587827025453,2,29,1,2,10,0c3e7ab20165dedad34783389d73fe352b97abe338a412c4615dd57f3bef6df6
Reddit-GPU4GST,GPU4GST_Reddit,large,P2_cross_g,55,13,11.615384615384615,2.5349170703626616,2,29,1,1,1,09ced1eb3a6c9cb084cb71a32e40f58cd71e55304df7c27e34632ec79bdca6d3
Reddit-GPU4GST,GPU4GST_Reddit,large,P2_cross_g,103,13,46.84615384615385,3.8679907352776426,2,378,3,1,2,010a6f5c0d42d166c1d22a026d483edc9073a8fa81dbe356d6326d81119a9fb9
Reddit-GPU4GST,GPU4GST_Reddit,large,P2_cross_g,107,13,169.69230769230768,5.1398625654710575,2,1642,4,1,3,02d2b674ea44404873d538994b5cd4febb4f2765bc2d5c22f3244276a9fd98e3
Reddit-GPU4GST,GPU4GST_Reddit,large,P2_cross_g,162,13,28.53846153846154,3.38569319512619,4,201,2,1,4,005a161c7560c4078143936eec276c97d4ddaebe19b6cf5daa2254f86afcff56
Reddit-GPU4GST,GPU4GST_Reddit,large,P2_cross_g,207,13,3731.923076923077,8.224946872466825,2,36904,5,1,5,009c8ecd5d7fd9303183723a044f3b2a1718527332679073286eb2964d7db9c0
Reddit-GPU4GST,GPU4GST_Reddit,large,P2_cross_g,5,13,48.61538461538461,3.9043009593342357,2,466,3,2,6,0506725d8098ded9518007059221ff624dcca834ecaba4763c404b9be7b2251d
Reddit-GPU4GST,GPU4GST_Reddit,large,P2_cross_g,41,13,1355.2307692307693,7.212464637819224,2,8245,5,2,7,01847385c8ad6b746941e661bcdd3706f19b54c6058281816b4f7677fb53d5f8
Reddit-GPU4GST,GPU4GST_Reddit,large,P2_cross_g,83,13,23.23076923076923,3.1876232813640963,2,107,2,2,8,01b6c00ba0b3d8e0beda98e5a631d044d98dbd7f4f055f0d50fda70b48c0b237
Reddit-GPU4GST,GPU4GST_Reddit,large,P2_cross_g,192,13,12.384615384615385,2.5941059417529924,2,56,1,2,9,12605f004246e6ec1e1866aff7d9c211257e49058bf65bb078009ce537a892c3
Reddit-GPU4GST,GPU4GST_Reddit,large,P2_cross_g,276,13,151.76923076923077,5.028928487143581,3,1605,4,2,10,09c58c47f3f31425d4f4925c15c02a6caa215d577dd702806311c0361bfff5eb
Reddit-GPU4GST,GPU4GST_Reddit,large,P2_cross_g,48,14,124.5,4.832305758571839,2,1083,4,1,1,06eca16914a317de7e54d861eb1cc9ddebb4fa38351f00d3026f544a11149ce6
Reddit-GPU4GST,GPU4GST_Reddit,large,P2_cross_g,144,14,19.428571428571427,3.016934481204594,2,209,2,1,2,00590c1c6f26b21aba21d4936278cd34f29bde6b54ed529572fdd0c67117d91f
Reddit-GPU4GST,GPU4GST_Reddit,large,P2_cross_g,171,14,49.5,3.9219733362813143,3,376,3,1,3,01de9244fbf5c4f418911471cc7cb53ff0cd04002ec16ffa58e7f054faef1514
Reddit-GPU4GST,GPU4GST_Reddit,large,P2_cross_g,265,14,693.7857142857143,6.543603473254182,2,4861,5,1,4,0b693badc6b7d36f19f7266704dc7dac69a72c02899decd7bcc60c301515503d
Reddit-GPU4GST,GPU4GST_Reddit,large,P2_cross_g,284,14,10.785714285714286,2.466888144285322,2,28,1,1,5,02668e649d8bbd4d96e8cbf61b3915865437dc7dc07de79b53d9ddc9d9c6555d
Reddit-GPU4GST,GPU4GST_Reddit,large,P2_cross_g,9,14,177.35714285714286,5.183787960664515,2,1155,4,2,6,07a5f578c0e9f5880ea3fadea1f1e289ee0baed11dffcceec927791fc2e6cd89
Reddit-GPU4GST,GPU4GST_Reddit,large,P2_cross_g,53,14,15.571428571428571,2.8076800420510515,2,44,1,2,7,0d14c9b2bdebbd9e5f763cf20c2df7989932a784971b98bffd3e612394e003f2
Reddit-GPU4GST,GPU4GST_Reddit,large,P2_cross_g,243,14,32.642857142857146,3.5158007644011593,2,293,2,2,8,067ca05499ed50b09b7a2f5f37c0a9db3ef192c1af0d78c60758a9c8f2fa1bfd
Reddit-GPU4GST,GPU4GST_Reddit,large,P2_cross_g,249,14,34.785714285714285,3.577548771469606,2,215,3,2,9,085c279af13c4ddd7788d8856c40c525360246aecd2cc777f38673110f672b78
Reddit-GPU4GST,GPU4GST_Reddit,large,P2_cross_g,270,14,414.85714285714283,6.03034179469031,4,5027,5,2,10,103e388468c56266c22f2b3ce4c1941d74d56f004f36965db25f82500c28b87d
Reddit-GPU4GST,GPU4GST_Reddit,large,P2_cross_g,14,15,177.93333333333334,5.187013296989362,2,1514,4,1,1,02fc13d334eb8916a3476f7e80f9ce54b46273ab8ca4928cc01a52763d3f4126
Reddit-GPU4GST,GPU4GST_Reddit,large,P2_cross_g,140,15,118.26666666666667,4.781361882406509,2,723,3,1,2,03d0786033f9d1ca4df6425cc8aab26dac9a472265c4bf2eea67f75114951509
Reddit-GPU4GST,GPU4GST_Reddit,large,P2_cross_g,164,15,23.933333333333334,3.2162055963123217,2,77,2,1,3,00332d6e09d64fb44a0c35013bcd9cf264ded12abe360e9afbaaf9d8e142906f
Reddit-GPU4GST,GPU4GST_Reddit,large,P2_cross_g,209,15,917.9333333333333,6.823213577105555,2,7757,5,1,4,02ea8f09b7a3893265d9db8044908ef2eaf6f56d0c1077bc90d61d2947509326
Reddit-GPU4GST,GPU4GST_Reddit,large,P2_cross_g,271,15,8.2,2.2192034840549946,2,25,1,1,5,003fadf4eb60727fc9b3903c56f16792d554bad7cd2a610d11d53c0c6c03d68d
Reddit-GPU4GST,GPU4GST_Reddit,large,P2_cross_g,61,15,334.93333333333334,5.816912727578388,2,4056,4,2,6,06b355606cd39aa7bf298b827d5978f26d6433d8b4272d064dae2681f72bb7e3
Reddit-GPU4GST,GPU4GST_Reddit,large,P2_cross_g,68,15,16.333333333333332,2.8526314299133175,3,44,1,2,7,0956f8c4693dcc92306e80c888094b833b5db577d036249bf032c61e44dfb7ff
Reddit-GPU4GST,GPU4GST_Reddit,large,P2_cross_g,148,15,856.3333333333334,6.753826796689401,4,5882,5,2,8,068e8584fdfd6c269077568c355bb20bdc0da32db79cf75ed943ce3f0dad979c
Reddit-GPU4GST,GPU4GST_Reddit,large,P2_cross_g,150,15,26.133333333333333,3.300762984340385,4,182,2,2,9,0a486414ba89aabbea6d9f8a3b1d2abf8e515aa2f0f0d2238fda602ecae9690d
Reddit-GPU4GST,GPU4GST_Reddit,large,P2_cross_g,231,15,62.46666666666667,4.150514833689155,2,316,3,2,10,09f17d2ad29f17ae9deed5e03696cf30938ecf92103ec8fcd18aedf888e0fa5a
Reddit-GPU4GST,GPU4GST_Reddit,large,P2_cross_g,2,16,296.875,5.696673935418906,2,2488,4,1,1,06d428e1ccba98e28a5decc05d47de710182d33be706fbb44254f929aec98028
Reddit-GPU4GST,GPU4GST_Reddit,large,P2_cross_g,38,16,30.8125,3.4598592943107414,2,213,2,1,2,001fe065c9bb7bdde256d5893043de155b7b60f5b6e97b06594ef055321f2d39
Reddit-GPU4GST,GPU4GST_Reddit,large,P2_cross_g,48,16,41.1875,3.7421239686327485,2,158,3,1,3,0058a8afcab86800e47ea97193a720703b580a0413958c299de5e20e7ed5d496
Reddit-GPU4GST,GPU4GST_Reddit,large,P2_cross_g,216,16,17.25,2.9041650800285006,3,79,1,1,4,01d0ffb0f2d6b49c381d147f06e2bc1d0daa40fccdc730fedb5966b49763f31a
Reddit-GPU4GST,GPU4GST_Reddit,large,P2_cross_g,241,16,4381.1875,8.38530330792097,4,36904,5,1,5,0342fab62edf2a6d3082235a4797dd9a82147b62fad285549424cc45442918a1
Reddit-GPU4GST,GPU4GST_Reddit,large,P2_cross_g,78,16,42.6875,3.777062019994029,2,244,3,2,6,04110d3dee02af3fa0e3279e785220f79470f333bce52ac7daebcb6963511807
Reddit-GPU4GST,GPU4GST_Reddit,large,P2_cross_g,140,16,14.5,2.740840023925201,2,107,1,2,7,0278cfff76ea9c4a9941d97d13ff910e5bd17d529c9ad6909ce16c3079ecb8ca
Reddit-GPU4GST,GPU4GST_Reddit,large,P2_cross_g,256,16,25.6875,3.284195290988843,2,233,2,2,8,01c001679420560fd371dc6c87869e06128a3f45f1a2fcbf8abb8f73987d1512
Reddit-GPU4GST,GPU4GST_Reddit,large,P2_cross_g,258,16,115.6875,4.759499421301942,3,1497,4,2,9,0a0d06db7dfce3ef2626642b9fd06a57019e9dc8863a478f1e7e7f820ff592e0
Reddit-GPU4GST,GPU4GST_Reddit,large,P2_cross_g,281,16,728.1875,6.591930900584075,2,5544,5,2,10,036ac2ec153f41fb8f38d818a33a3d7510f6db0982345a55a68721f9e031d2a0
